날짜,종가,시가,고가,저가,거래량,거래대금,flng_cls_code,prtt_rate,mod_yn,prdy_vrss_sign,prdy_vrss,revl_issu_reas
2021-08-10,454000,448500,480000,400500,5121520,2247958937500,0,0.0,N,2,5500,
2021-08-11,407000,444500,446000,405000,1647759,698968688500,0,0.0,N,5,-47000,
2021-08-12,406000,414000,420500,402000,947958,389252898000,0,0.0,N,5,-1000,
2021-08-13,437000,415000,445500,408500,1669847,714090917500,0,0.0,N,2,31000,
2021-08-17,451500,433000,460000,423000,1189500,528035261000,0,0.0,N,2,14500,
2021-08-18,469000,449000,480000,437000,1168167,541536914000,0,0.0,N,2,17500,
2021-08-19,492500,472500,498500,469500,1258932,617581834000,0,0.0,N,2,23500,
2021-08-20,491500,506000,510000,467500,1100068,541710327000,0,0.0,N,5,-1000,
2021-08-23,484500,492000,499500,480000,462461,225745283500,0,0.0,N,5,-7000,
2021-08-24,460000,487500,489000,455000,651528,303669472500,0,0.0,N,5,-24500,
2021-08-25,451000,462500,474000,434500,547287,249835003500,0,0.0,N,5,-9000,
2021-08-26,469500,455500,471500,449500,356488,164113321500,0,0.0,N,2,18500,
2021-08-27,497000,473000,498000,463500,779064,381314770000,0,0.0,N,2,27500,
2021-08-30,497000,494000,499500,485000,358146,177506171500,0,0.0,N,3,0,
2021-08-31,491500,480000,494500,470500,409300,197471759000,0,0.0,N,5,-5500,
2021-09-01,507000,487000,507000,487000,529067,265174099000,0,0.0,N,2,15500,
2021-09-02,491500,505000,520000,491500,573318,290222591000,0,0.0,N,5,-15500,
2021-09-03,509000,495000,510000,489000,338553,170713514000,0,0.0,N,2,17500,
2021-09-06,482500,500000,503000,478500,400109,194571451500,0,0.0,N,5,-26500,
2021-09-07,464500,477000,479000,461000,331012,154810250500,0,0.0,N,5,-18000,
2021-09-08,483500,467000,484500,466500,334185,160070807250,0,0.0,N,2,19000,
2021-09-09,475000,480500,493500,474000,766976,368483517000,0,0.0,N,5,-8500,
2021-09-10,447000,465000,469000,440500,832774,376416182000,0,0.0,N,5,-28000,
2021-09-13,451500,449500,457000,439000,255115,115320017500,0,0.0,N,2,4500,
2021-09-14,478000,449500,478500,449500,270284,125885787500,0,0.0,N,2,26500,
2021-09-15,493500,475500,499500,470000,343058,168507934500,0,0.0,N,2,15500,
2021-09-16,492000,491500,498000,484500,225694,111253033200,0,0.0,N,5,-1500,
2021-09-17,493500,495000,502000,488000,236970,117070420500,0,0.0,N,2,1500,
2021-09-23,500000,485000,501000,483000,307363,152909975000,0,0.0,N,2,6500,
2021-09-24,493000,504000,504000,488500,212264,105284543500,0,0.0,N,5,-7000,
2021-09-27,498000,489000,502000,489000,206449,102882716500,0,0.0,N,2,5000,
2021-09-28,500000,497000,503000,494000,258981,129450464000,0,0.0,N,2,2000,
2021-09-29,500000,492000,501000,478500,262394,129740388500,0,0.0,N,3,0,
2021-09-30,502000,500000,516000,497500,383165,193116348000,0,0.0,N,2,2000,
2021-10-01,498000,502000,505000,493000,170528,85258451000,0,0.0,N,5,-4000,
2021-10-05,463000,493000,496000,461500,325618,154261532500,0,0.0,N,5,-35000,
2021-10-06,454000,471000,473000,448000,242842,110957290500,0,0.0,N,5,-9000,
2021-10-07,474000,460000,476000,457500,174489,81779540000,0,0.0,N,2,20000,
2021-10-08,470000,471000,477000,466000,105885,49907008500,0,0.0,N,5,-4000,
2021-10-12,484000,468500,487000,464000,161134,77124154500,0,0.0,N,2,14000,
2021-10-13,488000,485500,498500,485500,184613,91156704000,0,0.0,N,2,4000,
2021-10-14,478500,491500,494500,478000,189867,91637779500,0,0.0,N,5,-9500,
2021-10-15,472500,478000,483500,467500,236323,111960292000,0,0.0,N,5,-6000,
2021-10-18,486000,476000,489500,471500,178931,86408060000,0,0.0,N,2,13500,
2021-10-19,493500,489500,497000,487000,147933,73161119500,0,0.0,N,2,7500,
2021-10-20,487000,498000,502000,484000,281768,139280408000,0,0.0,N,5,-6500,
2021-10-21,493000,488500,498000,487000,176975,87345095000,0,0.0,N,2,6000,
2021-10-22,488000,496000,500000,480000,198513,98268909000,0,0.0,N,5,-5000,
2021-10-25,488000,497500,514000,481500,496570,246864652500,0,0.0,N,3,0,
2021-10-26,498000,490500,499500,486500,172246,85513567000,0,0.0,N,2,10000,
2021-10-27,489500,499000,503000,488500,135786,66861564000,0,0.0,N,5,-8500,
2021-10-28,475000,487500,494000,472500,203112,97630322500,0,0.0,N,5,-14500,
2021-10-29,469500,475000,479500,467500,127375,60145712000,0,0.0,N,5,-5500,
2021-11-01,478000,472000,485000,472000,131659,63271895500,0,0.0,N,2,8500,
2021-11-02,483500,481500,492500,481500,106072,51654894500,0,0.0,N,2,5500,
2021-11-03,472000,484000,485500,471000,135814,64619349500,0,0.0,N,5,-11500,
2021-11-04,468000,475000,478500,464500,152616,71604567000,0,0.0,N,5,-4000,
2021-11-05,451000,468000,468500,450500,246727,112525842000,0,0.0,N,5,-17000,
2021-11-08,441500,441000,445500,428000,249370,108300926000,0,0.0,N,5,-9500,
2021-11-09,465500,438000,467500,437500,275041,125529830000,0,0.0,N,2,24000,
2021-11-10,484500,465500,494000,463500,546349,264252169500,0,0.0,N,2,19000,
2021-11-11,540000,487000,544000,476000,1822609,942560502500,0,0.0,N,2,55500,
2021-11-12,547000,535000,554000,516000,1351285,726109811000,0,0.0,N,2,7000,
2021-11-15,548000,541000,555000,535000,514345,281080746600,0,0.0,N,2,1000,
2021-11-16,547000,548000,563000,538000,540891,298316376000,0,0.0,N,5,-1000,
2021-11-17,567000,554000,580000,548000,762917,432030371000,0,0.0,N,2,20000,
2021-11-18,543000,570000,574000,541000,519439,285788363000,0,0.0,N,5,-24000,
2021-11-19,542000,539000,549000,526000,366848,197546420000,0,0.0,N,5,-1000,
2021-11-22,516000,532000,541000,507000,499182,258130281000,0,0.0,N,5,-26000,
2021-11-23,505000,507000,519000,497500,334064,168689622000,0,0.0,N,5,-11000,
2021-11-24,509000,505000,514000,493000,339342,171548293000,0,0.0,N,2,4000,
2021-11-25,504000,509000,518000,501000,289504,147330564000,0,0.0,N,5,-5000,
2021-11-26,506000,504000,515000,501000,298183,151055010185,0,0.0,N,2,2000,
2021-11-29,510000,500000,524000,498500,380148,194562710000,0,0.0,N,2,4000,
2021-11-30,503000,515000,526000,477000,2455962,1239852972500,0,0.0,N,5,-7000,
2021-12-01,489000,504000,508000,482000,463600,227253548000,0,0.0,N,5,-14000,
2021-12-02,502000,485500,502000,481000,258026,127024799500,0,0.0,N,2,13000,
2021-12-03,500000,498000,504000,492500,245814,122239806500,0,0.0,N,5,-2000,
2021-12-06,472500,499500,499500,472000,313777,150293403500,0,0.0,N,5,-27500,
2021-12-07,465000,473500,478000,455500,321250,148519320388,0,0.0,N,5,-7500,
2021-12-08,464500,468500,473500,461500,227701,106185052500,0,0.0,N,5,-500,
2021-12-09,479000,466000,482000,466000,307844,146866076500,0,0.0,N,2,14500,
2021-12-10,489500,475000,489500,472500,221472,107395643500,0,0.0,N,2,10500,
2021-12-13,489500,489000,493000,484500,182159,89263317000,0,0.0,N,3,0,
2021-12-14,493000,491000,497500,485500,163630,80332321000,0,0.0,N,2,3500,
2021-12-15,485000,493000,494000,485000,111998,54674735500,0,0.0,N,5,-8000,
2021-12-16,484000,489000,489500,481500,167219,80904206000,0,0.0,N,5,-1000,
2021-12-17,494500,483500,494500,479000,1312605,647346541500,0,0.0,N,2,10500,
2021-12-20,471000,492000,492000,468000,184429,87795394000,0,0.0,N,5,-23500,
2021-12-21,466500,472500,478000,466500,124689,58489899000,0,0.0,N,5,-4500,
2021-12-22,470500,468500,474500,468000,95964,45106323500,0,0.0,N,2,4000,
2021-12-23,464000,471000,472000,461000,165010,76436211500,0,0.0,N,5,-6500,
2021-12-24,463000,465000,467000,463000,101425,47072759500,0,0.0,N,5,-1000,
2021-12-27,450500,461000,463000,449000,190773,86272004000,0,0.0,N,5,-12500,
2021-12-28,462000,451000,463000,448500,215074,97915383500,0,0.0,N,2,11500,
2021-12-29,467000,464000,473000,462000,168633,78788980000,2,0.0,N,2,5000,
2021-12-30,460000,467000,469000,456500,113558,52318862000,0,0.0,N,5,-7000,
2022-01-03,460000,463000,468500,458000,96581,44608318500,0,0.0,N,3,0,
2022-01-04,444000,459500,459500,442000,232605,104104920500,0,0.0,N,5,-16000,
2022-01-05,417000,442000,442500,413000,454908,192241977750,0,0.0,N,5,-27000,
2022-01-06,402000,410000,413000,400000,372826,150543176500,0,0.0,N,5,-15000,
2022-01-07,394500,402500,405500,393500,339356,134875476500,0,0.0,N,5,-7500,
2022-01-10,381500,393000,393500,373000,438835,167106258000,0,0.0,N,5,-13000,
2022-01-11,365000,380500,384500,364000,391852,144677235792,0,0.0,N,5,-16500,
2022-01-12,367500,369500,374000,364500,368318,135698833500,0,0.0,N,2,2500,
2022-01-13,346500,364000,365000,345000,570811,199581335500,0,0.0,N,5,-21000,
2022-01-14,343500,338500,354000,333500,462339,159874282000,0,0.0,N,5,-3000,
2022-01-17,341000,351500,354500,338000,298123,103222204500,0,0.0,N,5,-2500,
2022-01-18,340500,339000,343000,334000,251142,85446166500,0,0.0,N,5,-500,
2022-01-19,324500,341000,342500,323000,415623,136509068500,0,0.0,N,5,-16000,
2022-01-20,325000,323500,328500,316500,297605,96094866500,0,0.0,N,2,500,
2022-01-21,310000,320000,322500,306000,706631,220577293000,0,0.0,N,5,-15000,
2022-01-24,302000,308500,313500,299000,442843,134173011500,0,0.0,N,5,-8000,
2022-01-25,291000,303500,308000,290000,465805,138177296500,0,0.0,N,5,-11000,
2022-01-26,276500,294000,294500,276500,808612,229329676000,0,0.0,N,5,-14500,
2022-01-27,264000,279000,282500,264000,717325,193939673500,0,0.0,N,5,-12500,
2022-01-28,274500,267500,284500,257500,783003,211229720000,0,0.0,N,2,10500,
2022-02-03,275500,279000,286500,275500,364038,102035020500,0,0.0,N,2,1000,
2022-02-04,288500,274500,297000,274500,485012,139844725000,0,0.0,N,2,13000,
2022-02-07,305000,290000,306000,283500,534422,158595247500,0,0.0,N,2,16500,
2022-02-08,299500,304500,314500,296500,420619,128483851000,0,0.0,N,5,-5500,
2022-02-09,297000,304000,306500,295000,185777,55522375500,0,0.0,N,5,-2500,
2022-02-10,297000,300000,306500,292500,312108,92602729500,0,0.0,N,3,0,
2022-02-11,259000,268500,270000,255500,1242240,324171781500,0,0.0,N,5,-38000,
2022-02-14,267500,252000,268500,248500,548562,141639670000,0,0.0,N,2,8500,
2022-02-15,281000,268000,289500,266000,689509,193130658500,0,0.0,N,2,13500,
2022-02-16,277500,286000,288000,277000,296947,83162068000,0,0.0,N,5,-3500,
2022-02-17,273000,277500,280500,269000,319221,87885815500,0,0.0,N,5,-4500,
2022-02-18,274000,266500,276500,265000,215275,58318419500,0,0.0,N,2,1000,
2022-02-21,273500,269500,279500,266500,179499,48895579000,0,0.0,N,5,-500,
2022-02-22,273500,268500,280000,268000,238940,65710269500,0,0.0,N,3,0,
2022-02-23,286000,277500,296500,275500,475696,136976105500,0,0.0,N,2,12500,
2022-02-24,285500,282000,287000,280000,245896,69630460500,0,0.0,N,5,-500,
2022-02-25,284000,290000,293000,283000,210160,60529109000,0,0.0,N,5,-1500,
2022-02-28,295000,283000,295000,279000,197803,56785078000,0,0.0,N,2,11000,
2022-03-02,298000,299000,306500,295000,264742,79732962000,0,0.0,N,2,3000,
2022-03-03,298500,300000,302500,298000,121273,36333331500,0,0.0,N,2,500,
2022-03-04,282500,296500,297500,282000,238713,68415069500,0,0.0,N,5,-16000,
2022-03-07,271000,277500,278000,268500,176042,47877826000,0,0.0,N,5,-11500,
2022-03-08,273500,266500,281000,266500,159115,43806760500,0,0.0,N,2,2500,
2022-03-10,295000,281500,295000,280000,292969,84840427500,0,0.0,N,2,21500,
2022-03-11,285000,292000,293000,284500,231836,66651596500,0,0.0,N,5,-10000,
2022-03-14,281000,285000,292000,281000,169976,48606602000,0,0.0,N,5,-4000,
2022-03-15,277500,278500,282500,274000,114644,31772096500,0,0.0,N,5,-3500,
2022-03-16,281500,280500,286500,278500,140323,39583645000,0,0.0,N,2,4000,
2022-03-17,284000,287500,292000,284000,198288,57165807500,0,0.0,N,2,2500,
2022-03-18,286000,285000,291000,277500,288541,81894399000,0,0.0,N,2,2000,
2022-03-21,276000,287500,291000,276000,283001,79838008000,0,0.0,N,5,-10000,
2022-03-22,279000,276000,281000,275500,89046,24857685500,0,0.0,N,2,3000,
2022-03-23,283000,282000,286500,279500,179359,50731611000,0,0.0,N,2,4000,
2022-03-24,280500,280000,283500,276500,140646,39252137000,0,0.0,N,5,-2500,
2022-03-25,278500,281000,282000,278000,128623,35665228884,0,0.0,N,5,-2000,
2022-03-28,271500,278500,279000,270500,192699,52465007000,0,0.0,N,5,-7000,
2022-03-29,273000,273000,275500,271000,173269,47275534000,0,0.0,N,2,1500,
2022-03-30,272500,274500,276500,271000,147316,40209385000,0,0.0,N,5,-500,
2022-03-31,275500,272500,281500,272000,187476,51964595000,0,0.0,N,2,3000,
2022-04-01,278000,276500,278000,272000,125727,34625548500,0,0.0,N,2,2500,
2022-04-04,298500,275500,299500,275500,507532,148698289000,0,0.0,N,2,20500,
2022-04-05,293500,300500,301000,290500,241079,70938040000,0,0.0,N,5,-5000,
2022-04-06,287000,289000,296500,286000,172907,50047183500,0,0.0,N,5,-6500,
2022-04-07,284000,283000,288500,283000,134315,38338646000,0,0.0,N,5,-3000,
2022-04-08,280000,285500,287500,272000,243269,67613204000,0,0.0,N,5,-4000,
2022-04-11,281500,276500,282500,275000,96798,26992068500,0,0.0,N,2,1500,
2022-04-12,267000,277000,279500,267000,759269,204663615000,0,0.0,N,5,-14500,
2022-04-13,267500,266500,269000,263000,144215,38469057000,0,0.0,N,2,500,
2022-04-14,266500,268500,271000,264000,125573,33482890000,0,0.0,N,5,-1000,
2022-04-15,264500,265000,266500,263500,113682,30085637000,0,0.0,N,5,-2000,
2022-04-18,261000,263500,264500,260500,94033,24602476000,0,0.0,N,5,-3500,
2022-04-19,261500,261500,264500,260500,56824,14900965000,0,0.0,N,2,500,
2022-04-20,258000,262000,263000,258000,127262,33051464000,0,0.0,N,5,-3500,
2022-04-21,258000,259000,260500,257000,64119,16576043500,0,0.0,N,3,0,
2022-04-22,250000,257000,258000,247000,286187,71908604500,0,0.0,N,5,-8000,
2022-04-25,242500,246500,249000,242000,162783,39729014500,0,0.0,N,5,-7500,
2022-04-26,248500,244500,253000,244000,170318,42308836500,0,0.0,N,2,6000,
2022-04-27,238500,240000,242500,236000,234396,55835805500,0,0.0,N,5,-10000,
2022-04-28,240500,239500,242500,233000,174851,41581178500,0,0.0,N,2,2000,
2022-04-29,252000,241000,253000,239000,184533,45898941000,0,0.0,N,2,11500,
2022-05-02,251500,248000,252500,246000,106610,26620672500,0,0.0,N,5,-500,
2022-05-03,256500,251000,259500,250500,119305,30463372000,0,0.0,N,2,5000,
2022-05-04,258000,256500,261500,254000,143846,37248900500,0,0.0,N,2,1500,
2022-05-06,256500,253500,258500,250000,108855,27816886500,0,0.0,N,5,-1500,
2022-05-09,251500,252000,256500,246500,145967,36507205000,0,0.0,N,5,-5000,
2022-05-10,245000,246000,247000,241500,123155,30138723500,0,0.0,N,5,-6500,
2022-05-11,257000,242500,259500,239500,214893,54033386000,0,0.0,N,2,12000,
2022-05-12,252000,253500,265000,242000,673602,172987697000,0,0.0,N,5,-5000,
2022-05-13,253500,259000,263500,246500,576165,146190672000,0,0.0,N,2,1500,
2022-05-16,241000,256000,258500,239500,304344,74780676000,0,0.0,N,5,-12500,
2022-05-17,240000,241500,245500,239500,179189,43304763500,0,0.0,N,5,-1000,
2022-05-18,247500,242000,248000,240500,184124,44946387000,0,0.0,N,2,7500,
2022-05-19,237000,240500,241000,236000,238251,56690732500,0,0.0,N,5,-10500,
2022-05-20,256000,237500,256000,237500,324746,80910649500,0,0.0,N,2,19000,
2022-05-23,256500,255000,259000,253000,118636,30394420000,0,0.0,N,2,500,
2022-05-24,247500,252500,258000,247500,154928,38861316500,0,0.0,N,5,-9000,
2022-05-25,257000,251500,258500,249000,176409,45057419000,0,0.0,N,2,9500,
2022-05-26,255000,256000,264500,254500,204563,53181501500,0,0.0,N,5,-2000,
2022-05-27,249000,261000,261000,249000,896244,219397385000,0,0.0,N,5,-6000,
2022-05-30,259000,254000,260500,252500,173129,44673505500,0,0.0,N,2,10000,
2022-05-31,259500,258500,262000,256500,393292,102120123500,0,0.0,N,2,500,
2022-06-02,250000,256500,261000,249500,201849,51283000000,0,0.0,N,5,-9500,
2022-06-03,253000,253500,254500,250500,126332,31884388000,0,0.0,N,2,3000,
2022-06-07,268500,256500,269500,256500,418115,110992365500,0,0.0,N,2,15500,
2022-06-08,271500,269000,276000,266500,280507,76425885500,0,0.0,N,2,3000,
2022-06-09,276500,270000,280000,269000,469081,129784642000,0,0.0,N,2,5000,
2022-06-10,274000,273500,278500,268000,194126,53241949000,0,0.0,N,5,-2500,
2022-06-13,260000,267500,270500,257500,223411,58553533500,0,0.0,N,5,-14000,
2022-06-14,261000,256000,263500,252500,163420,42284069500,0,0.0,N,2,1000,
2022-06-15,259500,259500,263000,249000,228326,58394842500,0,0.0,N,5,-1500,
2022-06-16,252000,263500,264000,251500,146794,37802196000,0,0.0,N,5,-7500,
2022-06-17,262500,247000,265000,246500,251010,64972985000,0,0.0,N,2,10500,
2022-06-20,259000,264500,266000,256500,145360,37881040000,0,0.0,N,5,-3500,
2022-06-21,268500,264000,272000,259500,172166,46224933000,0,0.0,N,2,9500,
2022-06-22,259500,271000,271000,259500,124190,32598903000,0,0.0,N,5,-9000,
2022-06-23,264500,261500,269500,258500,197328,52172905000,0,0.0,N,2,5000,
2022-06-24,273500,265000,277000,265000,217031,59386568500,0,0.0,N,2,9000,
2022-06-27,266000,277000,278500,265000,187080,50787249000,0,0.0,N,5,-7500,
2022-06-28,260000,266500,267000,257000,180877,47031308000,0,0.0,N,5,-6000,
2022-06-29,238000,253500,256500,238000,400738,97403424748,0,0.0,N,5,-22000,
2022-06-30,219000,236000,238500,219000,434760,98312689000,0,0.0,N,5,-19000,
2022-07-01,215500,222000,226500,212500,255073,55906266500,0,0.0,N,5,-3500,
2022-07-04,222500,219000,223500,216500,172017,37981586000,0,0.0,N,2,7000,
2022-07-05,226000,223000,231000,222500,122203,27779863500,0,0.0,N,2,3500,
2022-07-06,234000,226500,239500,223500,238897,56106185000,0,0.0,N,2,8000,
2022-07-07,240500,238000,242000,234000,118420,28319653500,0,0.0,N,2,6500,
2022-07-08,237000,241000,243000,236500,99317,23730559500,0,0.0,N,5,-3500,
2022-07-11,239500,237500,241000,234500,69697,16604087500,0,0.0,N,2,2500,
2022-07-12,237000,239000,241500,235500,85038,20277362000,0,0.0,N,5,-2500,
2022-07-13,242500,239000,243500,236500,83448,20092506000,0,0.0,N,2,5500,
2022-07-14,245000,240000,250500,239500,149455,36877992000,0,0.0,N,2,2500,
2022-07-15,235500,246000,247000,235000,136215,32430329000,0,0.0,N,5,-9500,
2022-07-18,238500,236500,239000,234500,83031,19712535000,0,0.0,N,2,3000,
2022-07-19,235000,237500,239500,233500,152856,35994461500,0,0.0,N,5,-3500,
2022-07-20,247500,239000,254000,239000,344415,85304295000,0,0.0,N,2,12500,
2022-07-21,258500,246000,260000,245500,288427,73879272500,0,0.0,N,2,11000,
2022-07-22,258000,259000,263000,257000,151172,39260211500,0,0.0,N,5,-500,
2022-07-25,256000,256500,261000,255000,85011,21885428500,0,0.0,N,5,-2000,
2022-07-26,257000,257500,262500,254500,112346,28967235500,0,0.0,N,2,1000,
2022-07-27,241000,256000,256500,240500,295526,72080273000,0,0.0,N,5,-16000,
2022-07-28,244500,244500,246000,240000,172505,41969585500,0,0.0,N,2,3500,
2022-07-29,233500,224000,236000,221500,576222,132683113000,0,0.0,N,5,-11000,
2022-08-01,243000,234000,243500,231500,207639,49449271000,0,0.0,N,2,9500,
2022-08-02,242000,241500,244000,239000,95530,23051666500,0,0.0,N,5,-1000,
2022-08-03,252000,242500,254500,242500,190062,47640336000,0,0.0,N,2,10000,
2022-08-04,263000,257000,266500,256500,249022,65318053500,0,0.0,N,2,11000,
2022-08-05,257500,264000,264500,257000,85301,22146797000,0,0.0,N,5,-5500,
2022-08-08,260000,255500,261500,254000,75875,19595811500,0,0.0,N,2,2500,
2022-08-09,263000,260000,265500,258000,104256,27334752000,0,0.0,N,2,3000,
2022-08-10,253000,261500,265000,252000,145254,36950530000,0,0.0,N,5,-10000,
2022-08-11,263500,257000,263500,256500,144836,37795845000,0,0.0,N,2,10500,
2022-08-12,266000,264500,282000,264000,538784,146623464000,0,0.0,N,2,2500,
2022-08-16,269000,269000,270500,265000,130901,35111184000,0,0.0,N,2,3000,
2022-08-17,265500,269500,269500,263000,105990,28097695000,0,0.0,N,5,-3500,
2022-08-18,258000,264500,264500,257000,120633,31295366000,0,0.0,N,5,-7500,
2022-08-19,255000,259500,261000,253000,86089,22014209500,0,0.0,N,5,-3000,
2022-08-22,252500,253500,257000,248000,91113,23017407000,0,0.0,N,5,-2500,
2022-08-23,243500,251000,253500,243500,142221,34982884500,0,0.0,N,5,-9000,
2022-08-24,241000,245500,250000,240500,130452,31625455000,0,0.0,N,5,-2500,
2022-08-25,244500,242000,247000,241500,74548,18232042000,0,0.0,N,2,3500,
2022-08-26,244500,246000,247000,242000,64253,15714550500,0,0.0,N,3,0,
2022-08-29,232000,233500,237500,231000,132493,30949876500,0,0.0,N,5,-12500,
2022-08-30,239000,233500,241500,233500,98314,23381227000,0,0.0,N,2,7000,
2022-08-31,246500,236500,248000,234500,134169,32554485500,0,0.0,N,2,7500,
2022-09-01,236000,242500,243000,234000,159233,37718170000,0,0.0,N,5,-10500,
2022-09-02,232000,237000,238500,231500,98119,23003014500,0,0.0,N,5,-4000,
2022-09-05,236000,231000,239000,231000,70630,16680067000,0,0.0,N,2,4000,
2022-09-06,235500,237500,241000,233500,67837,16032556500,0,0.0,N,5,-500,
2022-09-07,233500,233000,234500,230000,68457,15877015000,0,0.0,N,5,-2000,
2022-09-08,237000,236000,241000,235000,145257,34569315000,0,0.0,N,2,3500,
2022-09-13,246500,242000,247000,241000,122486,30019732500,0,0.0,N,2,9500,
2022-09-14,238500,236500,241500,235000,98958,23610106000,0,0.0,N,5,-8000,
2022-09-15,239000,240500,240500,235500,66639,15852853000,0,0.0,N,2,500,
2022-09-16,239000,235500,240500,234000,131065,31194237500,0,0.0,N,3,0,
2022-09-19,226000,242000,242000,226000,226781,52039368500,0,0.0,N,5,-13000,
2022-09-20,225500,230000,230500,223000,103739,23464141500,0,0.0,N,5,-500,
2022-09-21,222000,224000,225500,219000,153173,33947006000,0,0.0,N,5,-3500,
2022-09-22,216500,218000,218500,214000,137971,29752445000,0,0.0,N,5,-5500,
2022-09-23,205500,217000,218000,205000,187309,39052166500,0,0.0,N,5,-11000,
2022-09-26,209000,202500,210500,201500,195696,40580849000,0,0.0,N,2,3500,
2022-09-27,213000,210500,217500,206500,142792,30290310000,0,0.0,N,2,4000,
2022-09-28,205000,209000,211500,202000,153971,31656377000,0,0.0,N,5,-8000,
2022-09-29,205500,208500,212500,203500,123527,25634865500,0,0.0,N,2,500,
2022-09-30,210000,205000,212000,204000,133112,27875568000,0,0.0,N,2,4500,
2022-10-04,214000,212000,215000,210000,99103,21118613000,0,0.0,N,2,4000,
2022-10-05,202000,216000,216000,200500,186576,38159712500,0,0.0,N,5,-12000,
2022-10-06,201000,203000,204500,200500,108788,21964542500,0,0.0,N,5,-1000,
2022-10-07,191500,198000,200500,191000,311611,60411183500,0,0.0,N,5,-9500,
2022-10-11,178000,187500,188000,176500,335329,60307987500,0,0.0,N,5,-13500,
2022-10-12,180500,178000,181500,176000,166675,29872171000,0,0.0,N,2,2500,
2022-10-13,176000,179000,180000,169500,313453,54677149219,0,0.0,N,5,-4500,
2022-10-14,182000,180500,184500,178000,188552,34263075500,0,0.0,N,2,6000,
2022-10-17,179500,177000,180500,171000,180445,31670829500,0,0.0,N,5,-2500,
2022-10-18,189000,185000,190000,184500,161828,30390901500,0,0.0,N,2,9500,
2022-10-19,183000,190000,192000,183000,108434,20287650500,0,0.0,N,5,-6000,
2022-10-20,176000,180500,182000,171500,312290,54510906500,0,0.0,N,5,-7000,
2022-10-21,179000,173000,181000,172500,119274,21194226000,0,0.0,N,2,3000,
2022-10-24,178500,182500,185500,176500,188341,34026027000,0,0.0,N,5,-500,
2022-10-25,174500,179000,179500,172500,133865,23489697000,0,0.0,N,5,-4000,
2022-10-26,172500,175000,177500,172000,130495,22748199000,0,0.0,N,5,-2000,
2022-10-27,175000,174500,177500,173500,148828,26135298000,0,0.0,N,2,2500,
2022-10-28,175000,173000,180500,173000,134146,23675558000,0,0.0,N,3,0,
2022-10-31,177500,179000,180000,176000,75491,13437629000,0,0.0,N,2,2500,
2022-11-01,178000,177500,179500,175500,93727,16668801500,0,0.0,N,2,500,
2022-11-02,194000,177500,194500,177000,361756,68215093000,0,0.0,N,2,16000,
2022-11-03,183000,187500,188500,182500,199494,36857482000,0,0.0,N,5,-11000,
2022-11-04,188500,183000,189000,182000,131621,24469589500,0,0.0,N,2,5500,
2022-11-07,194000,190000,198000,188500,185661,36061473000,0,0.0,N,2,5500,
2022-11-08,194500,197000,198500,193000,128521,25140592500,0,0.0,N,2,500,
2022-11-09,195000,197500,198000,193500,152071,29769381000,0,0.0,N,2,500,
2022-11-10,192000,191000,195000,190500,183547,35327862500,0,0.0,N,5,-3000,
2022-11-11,227000,202000,227000,201500,738955,160205343500,0,0.0,N,2,35000,
2022-11-14,224500,225000,230000,220000,278254,62630671500,0,0.0,N,5,-2500,
2022-11-15,220000,224000,226500,217500,170839,37601987500,0,0.0,N,5,-4500,
2022-11-16,221000,222000,224000,218500,129198,28497935000,0,0.0,N,2,1000,
2022-11-17,229500,220500,233000,220500,307008,70003255000,0,0.0,N,2,8500,
2022-11-18,230000,230500,235500,224500,248585,57224261000,0,0.0,N,2,500,
2022-11-21,236500,234500,244500,233500,332966,79473802000,0,0.0,N,2,6500,
2022-11-22,224000,235500,235500,222500,195303,44376111500,0,0.0,N,5,-12500,
2022-11-23,223000,226000,229500,221000,137849,31004703500,0,0.0,N,5,-1000,
2022-11-24,228000,226000,232000,225500,145171,33156167500,0,0.0,N,2,5000,
2022-11-25,219500,227500,229500,218000,150357,33463155500,0,0.0,N,5,-8500,
2022-11-28,217000,219500,221500,215000,120671,26160122000,0,0.0,N,5,-2500,
2022-11-29,219000,218500,221000,216000,81870,17859452000,0,0.0,N,2,2000,
2022-11-30,227000,218500,227000,214000,707331,159065357500,0,0.0,N,2,8000,
2022-12-01,220000,235500,237500,218000,371947,84614668500,0,0.0,N,5,-7000,
2022-12-02,201500,220500,220500,200000,585176,121294205500,0,0.0,N,5,-18500,
2022-12-05,184500,200000,200500,183000,755748,141056578500,0,0.0,N,5,-17000,
2022-12-06,180000,184000,187000,178500,375157,68460238000,0,0.0,N,5,-4500,
2022-12-07,178500,179000,180000,176000,463452,82334218500,0,0.0,N,5,-1500,
2022-12-08,179500,178500,181500,177500,325436,58373089500,0,0.0,N,2,1000,
2022-12-09,180500,180000,181500,179000,252103,45381916000,0,0.0,N,2,1000,
2022-12-12,181500,180000,183500,179500,179024,32525410500,0,0.0,N,2,1000,
2022-12-13,181500,183500,183500,179000,211430,38288367500,0,0.0,N,3,0,
2022-12-14,185500,183000,187000,182500,261095,48240977000,0,0.0,N,2,4000,
2022-12-15,179500,183000,184000,179000,206973,37415928500,0,0.0,N,5,-6000,
2022-12-16,183500,177000,183500,176000,252456,45717121000,0,0.0,N,2,4000,
2022-12-19,182500,181000,184000,181000,112809,20562853000,0,0.0,N,5,-1000,
2022-12-20,179000,182000,183000,177500,125925,22554888500,0,0.0,N,5,-3500,
2022-12-21,176000,180000,181500,175000,131665,23346569000,0,0.0,N,5,-3000,
2022-12-22,179000,177500,179500,175500,158087,28088249500,0,0.0,N,2,3000,
2022-12-23,172500,177000,177500,172000,151609,26496147000,0,0.0,N,5,-6500,
2022-12-26,172000,172500,174000,171500,97058,16749745000,0,0.0,N,5,-500,
2022-12-27,172500,172500,174000,170500,146822,25267478000,0,0.0,N,2,500,
2022-12-28,169500,170500,171500,164500,212217,35627978000,2,0.0,N,5,-3000,
2022-12-29,168000,172500,178000,166000,342547,58920797000,0,0.0,N,5,-1500,
2023-01-02,164000,170500,171000,161500,183942,30278973500,0,0.0,N,5,-4000,
2023-01-03,166500,164500,167000,162000,119343,19711898500,0,0.0,N,2,2500,
2023-01-04,166000,164500,167000,161500,173169,28566232000,0,0.0,N,5,-500,
2023-01-05,165500,164500,168000,160500,331718,54844744000,0,0.0,N,5,-500,
2023-01-06,165500,165000,168500,164000,150674,25036567000,0,0.0,N,3,0,
2023-01-09,171500,167000,172500,166500,154937,26395466000,0,0.0,N,2,6000,
2023-01-10,171500,171500,173000,169500,99627,17055964000,0,0.0,N,3,0,
2023-01-11,171000,172000,173500,169000,158940,27143847000,0,0.0,N,5,-500,
2023-01-12,171500,171000,174000,170500,155236,26706815500,0,0.0,N,2,500,
2023-01-13,173500,173500,177500,172500,206391,36119645000,0,0.0,N,2,2000,
2023-01-16,175500,174500,178500,173000,182658,32194946000,0,0.0,N,2,2000,
2023-01-17,170000,177000,177000,169500,217061,37312974000,0,0.0,N,5,-5500,
2023-01-18,171000,169500,173000,169500,113874,19486977500,0,0.0,N,2,1000,
2023-01-19,172500,170000,172500,169500,85169,14586543500,0,0.0,N,2,1500,
2023-01-20,172500,171000,172500,170500,90633,15573623000,0,0.0,N,3,0,
2023-01-25,174000,173800,174700,172600,110345,19180997900,0,0.0,N,2,1500,
2023-01-26,182200,174500,182400,172600,300702,53925377800,0,0.0,N,2,8200,
2023-01-27,183900,181400,185000,180100,155044,28361726700,0,0.0,N,2,1700,
2023-01-30,180200,183700,185300,180200,157043,28537725500,0,0.0,N,5,-3700,
2023-01-31,179300,180000,182500,179000,148715,26825074500,0,0.0,N,5,-900,
2023-02-01,181000,180200,182400,180000,144770,26209108500,0,0.0,N,2,1700,
2023-02-02,182000,184300,185800,182000,234595,43160793000,0,0.0,N,2,1000,
2023-02-03,186700,183100,187300,181100,205938,38035488300,0,0.0,N,2,4700,
2023-02-06,179000,185100,185100,179000,222999,40390999600,0,0.0,N,5,-7700,
2023-02-07,180600,178600,181100,178500,108343,19586070700,0,0.0,N,2,1600,
2023-02-08,192000,188500,197100,187500,648464,125329928100,0,0.0,N,2,11400,
2023-02-09,181000,190300,190600,181000,495523,90887138200,0,0.0,N,5,-11000,
2023-02-10,177100,180100,180600,176200,248195,44119360700,0,0.0,N,5,-3900,
2023-02-13,172200,176200,176900,172200,213755,37036902100,0,0.0,N,5,-4900,
2023-02-14,174300,173600,176700,172600,175345,30607854200,0,0.0,N,2,2100,
2023-02-15,171900,173900,174900,171500,142617,24633734800,0,0.0,N,5,-2400,
2023-02-16,178200,173200,180600,173100,241899,43107432200,0,0.0,N,2,6300,
2023-02-17,174600,175000,176700,173400,95829,16772816800,0,0.0,N,5,-3600,
2023-02-20,175800,175800,177500,173500,101586,17873266000,0,0.0,N,2,1200,
2023-02-21,174500,174900,176400,173700,93969,16424190900,0,0.0,N,5,-1300,
2023-02-22,171700,171700,173000,170600,115418,19791279700,0,0.0,N,5,-2800,
2023-02-23,174200,173100,176300,172600,109332,19065546400,0,0.0,N,2,2500,
2023-02-24,172500,173700,178500,171800,180059,31410676000,0,0.0,N,5,-1700,
2023-02-27,172200,171200,172700,169000,124946,21382236600,0,0.0,N,5,-300,
2023-02-28,169800,173000,173700,169800,140084,23951385400,0,0.0,N,5,-2400,
2023-03-02,169000,170300,173800,168400,183272,31196291500,0,0.0,N,5,-800,
2023-03-03,169800,170200,170600,168900,79089,13422645600,0,0.0,N,2,800,
2023-03-06,173500,171000,173500,170200,122698,21137174300,0,0.0,N,2,3700,
2023-03-07,169200,172700,172700,169200,153747,26163323800,0,0.0,N,5,-4300,
2023-03-08,167400,168000,168900,165500,152372,25501931300,0,0.0,N,5,-1800,
2023-03-09,166000,167900,168500,164800,175495,29086948500,0,0.0,N,5,-1400,
2023-03-10,161900,163500,164300,161200,147468,23921408900,0,0.0,N,5,-4100,
2023-03-13,163500,161000,164100,161000,131566,21376113700,0,0.0,N,2,1600,
2023-03-14,161700,162200,164500,160700,150262,24379887700,0,0.0,N,5,-1800,
2023-03-15,158000,163400,163600,157800,211108,33758754100,0,0.0,N,5,-3700,
2023-03-16,156100,157200,157800,154000,141193,22007058600,0,0.0,N,5,-1900,
2023-03-17,164400,157000,164400,156800,230024,37207278500,0,0.0,N,2,8300,
2023-03-20,165200,164800,167300,163200,110376,18212003100,0,0.0,N,2,800,
2023-03-21,169200,167900,174700,167900,267459,45774962400,0,0.0,N,2,4000,
2023-03-22,177200,174000,177800,172400,349777,61479378500,0,0.0,N,2,8000,
2023-03-23,176500,175200,177800,174200,137616,24200528400,0,0.0,N,5,-700,
2023-03-24,173000,176500,177400,172700,122180,21266280000,0,0.0,N,5,-3500,
2023-03-27,174900,174300,174900,171200,84839,14757524600,0,0.0,N,2,1900,
2023-03-28,179500,174000,180300,171800,214545,38016303300,0,0.0,N,2,4600,
2023-03-29,174300,178700,179800,172600,230896,40370539400,0,0.0,N,5,-5200,
2023-03-30,179100,174200,179700,173600,216832,38633416700,0,0.0,N,2,4800,
2023-03-31,183500,179800,183800,178100,244132,44374079100,0,0.0,N,2,4400,
2023-04-03,182800,182300,185900,181700,152348,27903650100,0,0.0,N,5,-700,
2023-04-04,189400,183000,189500,182800,218430,40853426100,0,0.0,N,2,6600,
2023-04-05,184200,189400,189600,184200,142008,26494931700,0,0.0,N,5,-5200,
2023-04-06,182600,183000,185300,182300,114465,21034803400,0,0.0,N,5,-1600,
2023-04-07,183500,182700,185900,180600,112304,20706890900,0,0.0,N,2,900,
2023-04-10,183000,182600,183700,179800,123136,22393303700,0,0.0,N,5,-500,
2023-04-11,185600,182200,188300,182200,156057,29014806000,0,0.0,N,2,2600,
2023-04-12,186600,184400,187700,183100,119902,22281400400,0,0.0,N,2,1000,
2023-04-13,189400,186500,189900,185600,139057,26206816100,0,0.0,N,2,2800,
2023-04-14,191900,190000,195600,189800,232350,45013769200,0,0.0,N,2,2500,
2023-04-17,189200,191100,193400,186100,118016,22367003900,0,0.0,N,5,-2700,
2023-04-18,188400,189200,190900,186900,113794,21461790000,0,0.0,N,5,-800,
2023-04-19,192400,190000,195500,188900,174171,33586169600,0,0.0,N,2,4000,
2023-04-20,194500,192400,198100,191400,214320,41968223100,0,0.0,N,2,2100,
2023-04-21,193900,194500,199000,192400,176937,34522170000,0,0.0,N,5,-600,
2023-04-24,191000,192100,194700,188200,123278,23611923900,0,0.0,N,5,-2900,
2023-04-25,191500,190500,197400,190500,136896,26540321600,0,0.0,N,2,500,
2023-04-26,190700,190000,192800,189200,105307,20089292900,0,0.0,N,5,-800,
2023-04-27,189100,189300,191100,186000,106649,20168334400,0,0.0,N,5,-1600,
2023-04-28,192100,189300,193900,189300,123134,23625403400,0,0.0,N,2,3000,
2023-05-02,193600,190200,196200,190100,88518,17185971900,0,0.0,N,2,1500,
2023-05-03,192900,191800,195600,191800,88118,17044173600,0,0.0,N,5,-700,
2023-05-04,198300,191400,199000,191400,179706,35329054400,0,0.0,N,2,5400,
2023-05-08,203000,198300,204500,196500,248337,50130986600,0,0.0,N,2,4700,
2023-05-09,201000,202000,204000,199900,175401,35448425900,0,0.0,N,5,-2000,
2023-05-10,200500,202500,205000,192100,445426,88798718200,0,0.0,N,5,-500,
2023-05-11,198800,200500,202500,196900,198136,39559048600,0,0.0,N,5,-1700,
2023-05-12,200500,197900,202000,196100,147328,29410662600,0,0.0,N,2,1700,
2023-05-15,200000,198400,202000,198400,86647,17345562421,0,0.0,N,5,-500,
2023-05-16,198800,198800,202000,198400,63562,12723496900,0,0.0,N,5,-1200,
2023-05-17,200000,198300,203000,196700,110316,22150336600,0,0.0,N,2,1200,
2023-05-18,199600,199300,201000,198600,113331,22615858400,0,0.0,N,5,-400,
2023-05-19,202500,200000,207000,199900,207000,41961034100,0,0.0,N,2,2900,
2023-05-22,200500,205000,205000,199900,119485,24190919800,0,0.0,N,5,-2000,
2023-05-23,199300,201000,203500,198500,105190,21069098800,0,0.0,N,5,-1200,
2023-05-24,186900,200000,200000,186800,294955,56264313200,0,0.0,N,5,-12400,
2023-05-25,187500,187300,189800,186600,120593,22653354000,0,0.0,N,2,600,
2023-05-26,185200,188100,188900,185100,87391,16314557800,0,0.0,N,5,-2300,
2023-05-30,189000,187700,189500,185700,90587,17033175700,0,0.0,N,2,3800,
2023-05-31,189100,187100,191500,187100,114873,21796057300,0,0.0,N,2,100,
2023-06-01,189400,191500,194000,188000,63346,12022532700,0,0.0,N,2,300,
2023-06-02,189000,191000,191000,187200,73903,13920860900,0,0.0,N,5,-400,
2023-06-05,191500,189800,191800,188800,59436,11343598700,0,0.0,N,2,2500,
2023-06-07,193600,192900,195700,191600,97142,18839947400,0,0.0,N,2,2100,
2023-06-08,192500,194600,194600,190700,105930,20341196800,0,0.0,N,5,-1100,
2023-06-09,199700,194300,200500,190900,169634,33471457600,0,0.0,N,2,7200,
2023-06-12,204500,201000,205000,200500,160927,32821752000,0,0.0,N,2,4800,
2023-06-13,203000,204500,205500,200500,110728,22498752785,0,0.0,N,5,-1500,
2023-06-14,205500,202000,207000,200000,185170,37923023500,0,0.0,N,2,2500,
2023-06-15,203500,204500,207000,202000,92616,18747111500,0,0.0,N,5,-2000,
2023-06-16,203500,201000,209000,201000,218142,44479710000,0,0.0,N,3,0,
2023-06-19,200500,203000,205000,198200,88980,17826420100,0,0.0,N,5,-3000,
2023-06-20,204500,198500,205500,198500,95165,19422271300,0,0.0,N,2,4000,
2023-06-21,205000,206500,206500,203000,78616,16070913500,0,0.0,N,2,500,
2023-06-22,203500,205500,205500,202000,64726,13180151500,0,0.0,N,5,-1500,
2023-06-23,201500,202500,205000,201000,55971,11313931500,0,0.0,N,5,-2000,
2023-06-26,204000,201500,207000,201000,57927,11822483000,0,0.0,N,2,2500,
2023-06-27,202500,204000,204500,201000,52644,10643281000,0,0.0,N,5,-1500,
2023-06-28,199000,202500,203000,197500,78693,15662730000,0,0.0,N,5,-3500,
2023-06-29,195000,198700,199400,194400,82339,16164113900,0,0.0,N,5,-4000,
2023-06-30,194800,197800,197900,193200,53244,10374206700,0,0.0,N,5,-200,
2023-07-03,194500,195000,196800,193400,69904,13616057000,0,0.0,N,5,-300,
2023-07-04,183000,193800,193800,182300,196148,36526902000,0,0.0,N,5,-11500,
2023-07-05,178300,183100,184200,178100,138399,24829729200,0,0.0,N,5,-4700,
2023-07-06,178500,178500,180100,176400,116734,20835705400,0,0.0,N,2,200,
2023-07-07,174500,177700,181200,173900,102069,18048753300,0,0.0,N,5,-4000,
2023-07-10,175200,176000,176100,173700,69282,12140843500,0,0.0,N,2,700,
2023-07-11,182500,176300,183000,175400,104529,18898775700,0,0.0,N,2,7300,
2023-07-12,185300,183100,185700,181600,86051,15861345500,0,0.0,N,2,2800,
2023-07-13,192200,185500,194800,185400,174884,33669896700,0,0.0,N,2,6900,
2023-07-14,194600,193500,194800,190500,75887,14668799900,0,0.0,N,2,2400,
2023-07-17,191200,192000,193700,190100,63099,12060247500,0,0.0,N,5,-3400,
2023-07-18,184900,193600,193600,184000,84089,15647734800,0,0.0,N,5,-6300,
2023-07-19,183300,186000,186400,181500,58112,10648874100,0,0.0,N,5,-1600,
2023-07-20,181000,182300,185700,181000,73951,13498736500,0,0.0,N,5,-2300,
2023-07-21,180300,180100,181400,178100,79826,14306821900,0,0.0,N,5,-700,
2023-07-24,177500,180300,180300,176000,88520,15673196500,0,0.0,N,5,-2800,
2023-07-25,171500,176400,177400,170800,120465,20916642100,0,0.0,N,5,-6000,
2023-07-26,166500,171100,171100,163200,205512,34176615100,0,0.0,N,5,-5000,
2023-07-27,170700,166000,171900,166000,110320,18739167300,0,0.0,N,2,4200,
2023-07-28,168800,168200,170000,166500,68748,11558982200,0,0.0,N,5,-1900,
2023-07-31,171800,170200,173600,169300,92931,15973720800,0,0.0,N,2,3000,
2023-08-01,178100,171000,178400,170700,108226,19110090100,0,0.0,N,2,6300,
2023-08-02,172900,176600,176700,172100,97960,16970927900,0,0.0,N,5,-5200,
2023-08-03,170600,173500,173500,169500,103388,17652192700,0,0.0,N,5,-2300,
2023-08-04,169400,170700,173300,168400,78997,13386971800,0,0.0,N,5,-1200,
2023-08-07,174500,168800,178300,168500,106658,18675193400,0,0.0,N,2,5100,
2023-08-08,171600,174600,176300,171600,75242,12999143500,0,0.0,N,5,-2900,
2023-08-09,174400,171600,175500,171000,69562,12105860300,0,0.0,N,2,2800,
2023-08-10,161100,172500,172700,159700,493203,79901507000,0,0.0,N,5,-13300,
2023-08-11,163100,162000,165100,162000,160992,26332339200,0,0.0,N,2,2000,
2023-08-14,161500,163100,163800,160600,122595,19808239800,0,0.0,N,5,-1600,
2023-08-16,158000,160400,160900,157900,124595,19785103300,0,0.0,N,5,-3500,
2023-08-17,159700,158100,160500,157600,105570,16832858200,0,0.0,N,2,1700,
2023-08-18,158000,158300,159100,155300,113061,17804883900,0,0.0,N,5,-1700,
2023-08-21,158300,158800,162300,157800,108766,17405996800,0,0.0,N,2,300,
2023-08-22,157500,158600,161400,157100,76681,12171270800,0,0.0,N,5,-800,
2023-08-23,156700,156500,158400,156000,65365,10243914200,0,0.0,N,5,-800,
2023-08-24,155700,157600,158400,155500,107691,16814022800,0,0.0,N,5,-1000,
2023-08-25,155100,154500,156100,153600,83001,12847567900,0,0.0,N,5,-600,
2023-08-28,155400,156100,157800,154200,75467,11717473500,0,0.0,N,2,300,
2023-08-29,156100,155400,157300,155400,58101,9078052400,0,0.0,N,2,700,
2023-08-30,156800,157200,158700,156700,47682,7509033500,0,0.0,N,2,700,
2023-08-31,155000,157400,157800,153900,189157,29302114500,0,0.0,N,5,-1800,
2023-09-01,155500,154300,157500,154300,69304,10817046800,0,0.0,N,2,500,
2023-09-04,156700,154900,156800,154800,52646,8207083000,0,0.0,N,2,1200,
2023-09-05,155300,156500,158000,154800,66535,10363068100,0,0.0,N,5,-1400,
2023-09-06,154100,155300,156300,153700,106820,16464761800,0,0.0,N,5,-1200,
2023-09-07,152800,153800,154400,152300,103087,15794206400,0,0.0,N,5,-1300,
2023-09-08,153600,153000,153800,152200,59913,9158143800,0,0.0,N,2,800,
2023-09-11,153000,153600,154400,152900,80772,12398701400,0,0.0,N,5,-600,
2023-09-12,152900,153600,155100,152700,138609,21343287500,0,0.0,N,5,-100,
2023-09-13,152000,152600,152800,149200,117896,17797317500,0,0.0,N,5,-900,
2023-09-14,155300,153200,155500,151800,149744,23113702600,0,0.0,N,2,3300,
2023-09-15,157000,155300,157400,154600,139998,21898655200,0,0.0,N,2,1700,
2023-09-18,153700,156300,157500,153700,96458,14942738400,0,0.0,N,5,-3300,
2023-09-19,152300,153600,154600,152100,52409,8020305300,0,0.0,N,5,-1400,
2023-09-20,152000,152400,152900,150900,45042,6834963100,0,0.0,N,5,-300,
2023-09-21,148600,152000,152300,148600,105009,15721593500,0,0.0,N,5,-3400,
2023-09-22,148600,146900,150500,146000,76113,11310813686,0,0.0,N,3,0,
2023-09-25,148900,149300,151600,148500,64275,9611944600,0,0.0,N,2,300,
2023-09-26,148700,147500,149800,147500,55956,8324459300,0,0.0,N,5,-200,
2023-09-27,150600,147500,151600,147200,69838,10480704900,0,0.0,N,2,1900,
2023-10-04,146500,149300,152000,145900,119792,17575625400,0,0.0,N,5,-4100,
2023-10-05,148000,147000,149500,146300,78211,11563575400,0,0.0,N,2,1500,
2023-10-06,149400,148500,151800,147500,59272,8882717000,0,0.0,N,2,1400,
2023-10-10,151200,154000,154500,150200,109221,16607932000,0,0.0,N,2,1800,
2023-10-11,153200,152000,155200,151300,77119,11843277100,0,0.0,N,2,2000,
2023-10-12,154000,154700,154800,152400,66983,10297324700,0,0.0,N,2,800,
2023-10-13,154900,151500,156100,151400,67930,10516727000,0,0.0,N,2,900,
2023-10-16,154100,154400,155400,152500,65920,10140464800,0,0.0,N,5,-800,
2023-10-17,154700,154200,155900,154000,67619,10473483200,0,0.0,N,2,600,
2023-10-18,154200,154700,156600,154200,55717,8638351900,0,0.0,N,5,-500,
2023-10-19,153000,152700,153400,150900,71879,10970166800,0,0.0,N,5,-1200,
2023-10-20,159400,153100,160800,152400,289731,45812425900,0,0.0,N,2,6400,
2023-10-23,155500,159500,160000,153300,140474,22010821100,0,0.0,N,5,-3900,
2023-10-24,163600,158400,164900,155700,193876,31226071100,0,0.0,N,2,8100,
2023-10-25,164800,162300,167300,162300,139683,23092011900,0,0.0,N,2,1200,
2023-10-26,163100,162500,165200,159700,121472,19858040500,0,0.0,N,5,-1700,
2023-10-27,165200,166300,168200,162300,128056,21276475000,0,0.0,N,2,2100,
2023-10-30,162000,165200,166600,161300,85180,13870433300,0,0.0,N,5,-3200,
2023-10-31,163800,163600,168800,162400,121430,20084955200,0,0.0,N,2,1800,
2023-11-01,166000,164500,167800,163900,81027,13444522800,0,0.0,N,2,2200,
2023-11-02,168900,168400,169700,165800,98961,16643227400,0,0.0,N,2,2900,
2023-11-03,169900,169100,172800,165000,125403,21328956600,0,0.0,N,2,1000,
2023-11-06,173400,171800,173400,167900,153666,26094677100,0,0.0,N,2,3500,
2023-11-07,172500,171000,172900,169700,90525,15558259100,0,0.0,N,5,-900,
2023-11-08,190800,181200,193900,180300,945555,178284086000,0,0.0,N,2,18300,
2023-11-09,190800,189000,194300,186300,585646,109737185900,0,0.0,N,3,0,
2023-11-10,192900,188400,193300,187000,117386,22405159400,0,0.0,N,2,2100,
2023-11-13,193900,194000,195000,189800,123965,23863380900,0,0.0,N,2,1000,
2023-11-14,193000,193400,196000,190300,162902,31412981000,0,0.0,N,5,-900,
2023-11-15,204000,197900,204500,192600,225505,45254674900,0,0.0,N,2,11000,
2023-11-16,203500,204000,206500,200500,142474,29099488500,0,0.0,N,5,-500,
2023-11-17,193100,203500,205000,191800,165836,32501898700,0,0.0,N,5,-10400,
2023-11-20,203000,193900,203500,190900,166287,33277867900,0,0.0,N,2,9900,
2023-11-21,209000,203500,210500,202000,163038,33972686500,0,0.0,N,2,6000,
2023-11-22,208000,207000,210500,205000,80514,16786168500,0,0.0,N,5,-1000,
2023-11-23,210000,208000,211500,205000,65636,13733949500,0,0.0,N,2,2000,
2023-11-24,205500,210000,211000,204000,76468,15780325000,0,0.0,N,5,-4500,
2023-11-27,217000,208500,217500,208000,148104,31839013136,0,0.0,N,2,11500,
2023-11-28,216000,217500,218500,213000,87428,18950393500,0,0.0,N,5,-1000,
2023-11-29,216000,216500,220500,214500,98653,21482852000,0,0.0,N,3,0,
2023-11-30,213000,217500,218000,209500,159654,34053700500,0,0.0,N,5,-3000,
2023-12-01,217500,214000,219500,211500,80376,17473582000,0,0.0,N,2,4500,
2023-12-04,218000,217000,221500,216000,83716,18329444000,0,0.0,N,2,500,
2023-12-05,213000,218000,219000,211000,91489,19535808000,0,0.0,N,5,-5000,
2023-12-06,212000,213000,217500,210500,80792,17211554500,0,0.0,N,5,-1000,
2023-12-07,212500,210000,214500,209000,62224,13197471500,0,0.0,N,2,500,
2023-12-08,207000,214500,215000,204000,141013,29228851000,0,0.0,N,5,-5500,
2023-12-11,213000,209000,213000,206000,76497,16060959500,0,0.0,N,2,6000,
2023-12-12,208000,213000,215000,206500,96153,20191982000,0,0.0,N,5,-5000,
2023-12-13,211500,209500,214500,208500,77766,16491630000,0,0.0,N,2,3500,
2023-12-14,210000,216000,218000,209500,263340,55554428500,0,0.0,N,5,-1500,
2023-12-15,208500,210000,212000,205500,138748,28901844000,0,0.0,N,5,-1500,
2023-12-18,208500,208000,212000,207000,50061,10497360500,0,0.0,N,3,0,
2023-12-19,209000,208500,212500,207500,61267,12852196000,0,0.0,N,2,500,
2023-12-20,209000,212000,213500,209000,102865,21716497500,0,0.0,N,3,0,
2023-12-21,207000,208500,210000,205000,80852,16728989500,0,0.0,N,5,-2000,
2023-12-22,178500,208500,208500,177000,616485,115078583400,0,0.0,N,5,-28500,
2023-12-26,181200,183100,185800,180700,330425,60413867200,0,0.0,N,2,2700,
2023-12-27,189400,182500,190500,182100,178234,33296292900,2,0.0,N,2,8200,
2023-12-28,193600,188500,194800,187200,123609,23811803400,0,0.0,N,2,4200,
2024-01-02,195800,193500,197900,191400,112608,21951901900,0,0.0,N,2,2200,
2024-01-03,194800,196300,199200,194100,132017,25950120300,0,0.0,N,5,-1000,
2024-01-04,200500,193600,202500,192300,137394,27248672300,0,0.0,N,2,5700,
2024-01-05,201500,201500,211000,199100,138826,28396565900,0,0.0,N,2,1000,
2024-01-08,201000,199800,202000,196800,67791,13507865100,0,0.0,N,5,-500,
2024-01-09,206500,203500,208500,202000,88719,18202067000,0,0.0,N,2,5500,
2024-01-10,203000,207000,208000,199400,87864,17772128600,0,0.0,N,5,-3500,
2024-01-11,201000,205500,205500,201000,69914,14138486700,0,0.0,N,5,-2000,
2024-01-12,201500,200500,202500,199100,42400,8508180800,0,0.0,N,2,500,
2024-01-15,204000,203500,206000,200500,60213,12275189000,0,0.0,N,2,2500,
2024-01-16,195000,201500,204000,195000,78967,15622918600,0,0.0,N,5,-9000,
2024-01-17,186000,196400,197000,186000,86708,16352105600,0,0.0,N,5,-9000,
2024-01-18,184500,187300,188700,184400,56737,10544273300,0,0.0,N,5,-1500,
2024-01-19,193500,186000,194500,186000,87504,16781313700,0,0.0,N,2,9000,
2024-01-22,196000,195100,201500,193600,57398,11349078900,0,0.0,N,2,2500,
2024-01-23,204000,197400,205500,194200,89271,17955636681,0,0.0,N,2,8000,
2024-01-24,207500,206000,212500,203500,157157,32841976000,0,0.0,N,2,3500,
2024-01-25,207000,209500,209500,202500,86069,17746409500,0,0.0,N,5,-500,
2024-01-26,210500,204500,215500,204000,115167,24386712000,0,0.0,N,2,3500,
2024-01-29,212500,220000,229000,212000,249597,54320165000,0,0.0,N,2,2000,
2024-01-30,218500,215000,226500,214000,239273,52891371000,0,0.0,N,2,6000,
2024-01-31,214500,218500,220000,212000,102684,22025794000,0,0.0,N,5,-4000,
2024-02-01,214000,212000,217500,208500,99007,21091993000,0,0.0,N,5,-500,
2024-02-02,223000,215000,225000,214500,144478,32125634500,0,0.0,N,2,9000,
2024-02-05,220000,221000,222000,214000,93404,20373683500,0,0.0,N,5,-3000,
2024-02-06,211500,218000,222000,210000,93543,19942851500,0,0.0,N,5,-8500,
2024-02-07,212000,212000,217000,210500,67863,14495680500,0,0.0,N,2,500,
2024-02-08,214000,213000,216000,211500,125582,26880070500,0,0.0,N,2,2000,
2024-02-13,230000,219500,230000,219000,285922,64327285000,0,0.0,N,2,16000,
2024-02-14,239500,227500,243000,226500,271909,64602857000,0,0.0,N,2,9500,
2024-02-15,238000,242000,242000,235000,83153,19804200500,0,0.0,N,5,-1500,
2024-02-16,237500,243000,243500,236000,64520,15397264000,0,0.0,N,5,-500,
2024-02-19,235000,237500,239500,232500,55699,13125294500,0,0.0,N,5,-2500,
2024-02-20,232000,235000,238000,229000,69317,16076316000,0,0.0,N,5,-3000,
2024-02-21,226000,234500,235500,224000,111295,25280462500,0,0.0,N,5,-6000,
2024-02-22,225000,228000,228000,222000,86029,19295156308,0,0.0,N,5,-1000,
2024-02-23,224500,226000,229000,222500,88710,19996932000,0,0.0,N,5,-500,
2024-02-26,217500,226000,226000,217500,90380,19812272000,0,0.0,N,5,-7000,
2024-02-27,224000,219500,225500,217000,98827,22024867000,0,0.0,N,2,6500,
2024-02-28,225000,225000,229500,223000,83055,18802477000,0,0.0,N,2,1000,
2024-02-29,227000,223000,227000,220000,97956,21993434500,0,0.0,N,2,2000,
2024-03-04,217500,226500,230000,216000,127079,28063994500,0,0.0,N,5,-9500,
2024-03-05,218000,215500,221000,215500,68627,14955305500,0,0.0,N,2,500,
2024-03-06,213000,215000,218000,210500,70286,14921617500,0,0.0,N,5,-5000,
2024-03-07,216000,214500,221000,213500,74937,16282370500,0,0.0,N,2,3000,
2024-03-08,222000,219500,226000,218500,97789,21736963000,0,0.0,N,2,6000,
2024-03-11,232500,225000,234500,224000,120866,27837735250,0,0.0,N,2,10500,
2024-03-12,234000,234500,239000,229500,97830,23008756500,0,0.0,N,2,1500,
2024-03-13,239000,234500,239500,231500,80343,19070291000,0,0.0,N,2,5000,
2024-03-14,235000,239000,241500,213500,503053,114123642000,0,0.0,N,5,-4000,
2024-03-15,230500,234000,234500,222000,176385,40111333000,0,0.0,N,5,-4500,
2024-03-18,238000,233000,240000,230500,95801,22658130500,0,0.0,N,2,7500,
2024-03-19,237000,234500,243000,234000,114517,27300233500,0,0.0,N,5,-1000,
2024-03-20,237500,241000,243000,234000,72127,17126102500,0,0.0,N,2,500,
2024-03-21,240500,239000,241000,234500,81387,19448550000,0,0.0,N,2,3000,
2024-03-22,236000,237500,240000,232500,64214,15175527500,0,0.0,N,5,-4500,
2024-03-25,240000,236000,242500,232500,125503,29874946000,0,0.0,N,2,4000,
2024-03-26,246500,242500,247000,238500,129365,31751990000,0,0.0,N,2,6500,
2024-03-27,257000,250000,265000,248000,371514,95267164000,0,0.0,N,2,10500,
2024-03-28,250000,255500,255500,247000,155553,38945039500,0,0.0,N,5,-7000,
2024-03-29,247000,250000,253000,243500,104447,25869826000,0,0.0,N,5,-3000,
2024-04-01,250500,252000,253500,248000,74153,18593173000,0,0.0,N,2,3500,
2024-04-02,252000,246000,257500,244500,122469,30990905500,0,0.0,N,2,1500,
2024-04-03,253500,250000,256000,249000,92064,23331303000,0,0.0,N,2,1500,
2024-04-04,253000,255500,260000,250000,104001,26469348000,0,0.0,N,5,-500,
2024-04-05,249500,249500,253000,248500,39956,10004108500,0,0.0,N,5,-3500,
2024-04-08,243500,248500,251500,243500,66121,16312479500,0,0.0,N,5,-6000,
2024-04-09,242000,247000,249500,239000,55846,13549378500,0,0.0,N,5,-1500,
2024-04-11,247500,237500,248000,237000,109169,26717897500,0,0.0,N,2,5500,
2024-04-12,238500,244500,247000,237000,86884,20965815000,0,0.0,N,5,-9000,
2024-04-15,247000,235500,247500,231000,86107,20840340500,0,0.0,N,2,8500,
2024-04-16,254000,244000,255000,242500,126646,31493214500,0,0.0,N,2,7000,
2024-04-17,253000,254500,257500,249000,100673,25552785500,0,0.0,N,5,-1000,
2024-04-18,260000,255500,262000,252500,126476,32708242000,0,0.0,N,2,7000,
2024-04-19,254000,256000,261500,250500,124042,31526835500,0,0.0,N,5,-6000,
2024-04-22,259000,258000,262500,254000,72912,18755176000,0,0.0,N,2,5000,
2024-04-23,238000,243500,247000,232000,1619683,392057269000,0,0.0,N,5,-21000,
2024-04-24,240000,240000,245500,239500,263898,63988615500,0,0.0,N,2,2000,
2024-04-25,225500,237500,238000,225000,320859,73443237000,0,0.0,N,5,-14500,
2024-04-26,229500,227500,232500,227000,176318,40637245000,0,0.0,N,2,4000,
2024-04-29,240000,231500,241000,231500,148646,35362976000,0,0.0,N,2,10500,
2024-04-30,239500,238500,245000,238500,122430,29582870500,0,0.0,N,5,-500,
2024-05-02,243000,237000,245500,236500,119352,29056330500,0,0.0,N,2,3500,
2024-05-03,251000,244500,253500,243500,159261,39714015000,0,0.0,N,2,8000,
2024-05-07,257500,254000,260500,254000,192672,49678231500,0,0.0,N,2,6500,
2024-05-08,260000,260000,265500,258500,212701,55709043000,0,0.0,N,2,2500,
2024-05-09,263500,269000,271000,255000,430254,113265822536,0,0.0,N,2,3500,
2024-05-10,259000,265000,267500,258000,187175,48988661500,0,0.0,N,5,-4500,
2024-05-13,259500,258500,260000,249500,179601,45816658000,0,0.0,N,2,500,
2024-05-14,257000,260000,265000,255000,112229,29108963000,0,0.0,N,5,-2500,
2024-05-16,258500,260500,262000,256500,122777,31770271000,0,0.0,N,2,1500,
2024-05-17,258000,257500,260000,256000,74960,19348575500,0,0.0,N,5,-500,
2024-05-20,252500,260000,260000,251000,90498,22929148000,0,0.0,N,5,-5500,
2024-05-21,252500,250000,254000,247500,75619,18989741500,0,0.0,N,3,0,
2024-05-22,254500,251000,255000,249500,78621,19821603000,0,0.0,N,2,2000,
2024-05-23,256000,252000,258500,252000,78182,20053098500,0,0.0,N,2,1500,
2024-05-24,260000,255500,261500,255000,94601,24492436500,0,0.0,N,2,4000,
2024-05-27,260000,262000,264000,258000,136567,35697273000,0,0.0,N,3,0,
2024-05-28,246500,258000,259500,241000,164875,41039013000,0,0.0,N,5,-13500,
2024-05-29,244000,244000,247000,240500,127155,30964589500,0,0.0,N,5,-2500,
2024-05-30,251000,242000,253000,241500,88005,21953292000,0,0.0,N,2,7000,
2024-05-31,250000,255000,257500,243500,362249,90313882000,0,0.0,N,5,-1000,
2024-06-03,247500,251000,254000,245500,52047,12948640500,0,0.0,N,5,-2500,
2024-06-04,249500,245000,251000,242500,58607,14464639000,0,0.0,N,2,2000,
2024-06-05,246000,249000,254000,246000,58446,14530648000,0,0.0,N,5,-3500,
2024-06-07,256000,248000,257500,248000,99217,25216176000,0,0.0,N,2,10000,
2024-06-10,254500,251500,258500,248000,62029,15781456000,0,0.0,N,5,-1500,
2024-06-11,255500,256000,259000,253000,61684,15830065500,0,0.0,N,2,1000,
2024-06-12,265000,258000,267500,256000,217577,57587272000,0,0.0,N,2,9500,
2024-06-13,265500,266500,271000,264500,256241,68613787000,0,0.0,N,2,500,
2024-06-14,272000,263000,278000,259500,249943,68124790500,0,0.0,N,2,6500,
2024-06-17,274500,271000,277500,269000,152334,41801457000,0,0.0,N,2,2500,
2024-06-18,276500,277000,278000,273000,160880,44452885500,0,0.0,N,2,2000,
2024-06-19,290000,279000,297000,278500,346197,100417169000,0,0.0,N,2,13500,
2024-06-20,291500,287500,294500,284500,108847,31614594000,0,0.0,N,2,1500,
2024-06-21,297000,293000,297000,290000,477134,141055111000,0,0.0,N,2,5500,
2024-06-24,276000,299000,299000,273000,217712,61081679500,0,0.0,N,5,-21000,
2024-06-25,282500,278500,283500,275500,83044,23303798500,0,0.0,N,2,6500,
2024-06-26,289500,280000,293000,279500,118745,34301232000,0,0.0,N,2,7000,
2024-06-27,281500,287000,291500,278000,118854,33463226000,0,0.0,N,5,-8000,
2024-06-28,281500,280500,284000,271000,156709,43789983500,0,0.0,N,3,0,
2024-07-01,273500,278000,279000,271000,88473,24236254500,0,0.0,N,5,-8000,
2024-07-02,271000,271000,276000,269000,74218,20135408500,0,0.0,N,5,-2500,
2024-07-03,272500,273500,277000,269000,77366,21024097500,0,0.0,N,2,1500,
2024-07-04,272000,272000,277000,269000,78875,21519004500,0,0.0,N,5,-500,
2024-07-05,280000,272000,284000,269500,124281,34646368000,0,0.0,N,2,8000,
2024-07-08,278000,278000,286000,277000,48069,13456989500,0,0.0,N,5,-2000,
2024-07-09,289500,283000,294000,282000,130058,37669418000,0,0.0,N,2,11500,
2024-07-10,283000,287500,290500,281500,79090,22461929000,0,0.0,N,5,-6500,
2024-07-11,284000,288000,291000,282000,115139,32968485000,0,0.0,N,2,1000,
2024-07-12,280000,286500,289000,276500,104303,29313139000,0,0.0,N,5,-4000,
2024-07-15,275000,281000,284000,271000,96960,26669821000,0,0.0,N,5,-5000,
2024-07-16,275000,279000,279000,272000,53232,14644485500,0,0.0,N,3,0,
2024-07-17,276500,274500,278000,273000,76330,21045893000,0,0.0,N,2,1500,
2024-07-18,272000,279000,279000,268000,85674,23182703000,0,0.0,N,5,-4500,
2024-07-19,280500,269000,282000,268000,106595,29639162500,0,0.0,N,2,8500,
2024-07-22,281000,280500,287000,277000,75649,21376131000,0,0.0,N,2,500,
2024-07-23,292000,286000,295500,284000,205759,60262090500,0,0.0,N,2,11000,
2024-07-24,287000,289500,290500,284000,65429,18786379000,0,0.0,N,5,-5000,
2024-07-25,286500,289000,293000,283000,110756,31894143000,0,0.0,N,5,-500,
2024-07-26,285000,286500,288500,282500,49045,14004751000,0,0.0,N,5,-1500,
2024-07-29,292000,285000,293500,283500,57283,16667367000,0,0.0,N,2,7000,
2024-07-30,292500,289500,302000,289500,99829,29478915000,0,0.0,N,2,500,
2024-07-31,294000,293000,298500,292500,102272,30193340500,0,0.0,N,2,1500,
2024-08-01,289500,291500,295500,289000,56863,16567567500,0,0.0,N,5,-4500,
2024-08-02,287500,285500,295000,284500,70077,20178516500,0,0.0,N,5,-2000,
2024-08-05,273000,285000,286500,260000,173656,47632247000,0,0.0,N,5,-14500,
2024-08-06,285500,282500,290000,279000,115945,33077031500,0,0.0,N,2,12500,
2024-08-07,277500,281000,287000,276000,157494,44075752500,0,0.0,N,5,-8000,
2024-08-08,282000,276500,284500,276000,125275,35190888000,0,0.0,N,2,4500,
2024-08-09,294500,282500,295000,278000,130482,37716999500,0,0.0,N,2,12500,
2024-08-12,293000,289000,300000,289000,287768,86554595000,0,0.0,N,5,-1500,
2024-08-13,331000,317500,331000,305500,1281466,409548584500,0,0.0,N,2,38000,
2024-08-14,331500,330000,332500,324500,239178,78642629500,0,0.0,N,2,500,
2024-08-16,324500,334500,335000,322500,161699,52837755000,0,0.0,N,5,-7000,
2024-08-19,325000,325000,334000,319000,145441,47370146000,0,0.0,N,2,500,
2024-08-20,333500,328000,336000,324000,194990,64630126500,0,0.0,N,2,8500,
2024-08-21,339500,332500,342000,331000,141753,47721287000,0,0.0,N,2,6000,
2024-08-22,346000,346500,355000,337000,222471,76932418000,0,0.0,N,2,6500,
2024-08-23,348000,343500,352000,342000,152072,52889530000,0,0.0,N,2,2000,
2024-08-26,349000,343500,351000,332500,133479,46017862500,0,0.0,N,2,1000,
2024-08-27,342000,350000,352000,338000,96090,32937184500,0,0.0,N,5,-7000,
2024-08-28,332000,339500,342000,326000,142288,47189156500,0,0.0,N,5,-10000,
2024-08-29,333000,331500,335000,326000,79112,26178672000,0,0.0,N,2,1000,
2024-08-30,327000,333000,333000,322500,134848,43983850000,0,0.0,N,5,-6000,
2024-09-02,323000,325000,326500,320500,68230,22059244500,0,0.0,N,5,-4000,
2024-09-03,317000,322500,324500,314000,94557,30017332000,0,0.0,N,5,-6000,
2024-09-04,310500,310000,318500,308000,103206,32123572000,0,0.0,N,5,-6500,
2024-09-05,324000,312500,329000,312500,190550,61645269500,0,0.0,N,2,13500,
2024-09-06,323000,327000,334500,319000,101574,32959967704,0,0.0,N,5,-1000,
2024-09-09,328000,319500,329000,315500,113416,36767843500,0,0.0,N,2,5000,
2024-09-10,320500,327500,329500,319000,77070,24996063000,0,0.0,N,5,-7500,
2024-09-11,325000,323000,332000,320500,78107,25461095500,0,0.0,N,2,4500,
2024-09-12,321000,329000,337000,320000,157904,51096282000,0,0.0,N,5,-4000,
2024-09-13,338000,323500,339000,321500,126368,42081304000,0,0.0,N,2,17000,
2024-09-19,348000,341500,352000,340000,156417,54307669500,0,0.0,N,2,10000,
2024-09-20,341000,347500,347500,340000,138252,47292667500,0,0.0,N,5,-7000,
2024-09-23,340500,344000,345000,338500,41345,14070949500,0,0.0,N,5,-500,
2024-09-24,348500,342500,351500,342500,100909,35084022500,0,0.0,N,2,8000,
2024-09-25,339000,351500,353000,338500,113502,39266655028,0,0.0,N,5,-9500,
2024-09-26,343000,339500,343000,333000,114355,38729585000,0,0.0,N,2,4000,
2024-09-27,340500,345000,345000,337500,56305,19192756500,0,0.0,N,5,-2500,
2024-09-30,342500,343500,354000,341500,162670,56483326500,0,0.0,N,2,2000,
2024-10-02,338000,338500,343500,332500,79273,26712412000,0,0.0,N,5,-4500,
2024-10-04,335500,340500,343000,332000,80857,27318639000,0,0.0,N,5,-2500,
2024-10-07,319000,335500,336500,313500,243322,77638638000,0,0.0,N,5,-16500,
2024-10-08,326000,319500,328500,319000,111584,36200629500,0,0.0,N,2,7000,
2024-10-10,324500,331000,335000,324500,116063,37981098000,0,0.0,N,5,-1500,
2024-10-11,331500,327500,334000,324500,74056,24521780500,0,0.0,N,2,7000,
2024-10-14,330500,329000,336000,328000,58154,19268849500,0,0.0,N,5,-1000,
2024-10-15,340500,332500,342500,332000,94286,31932373000,0,0.0,N,2,10000,
2024-10-16,338500,338000,344000,335000,68817,23321129000,0,0.0,N,5,-2000,
2024-10-17,334500,340000,340000,330500,67933,22770450000,0,0.0,N,5,-4000,
2024-10-18,340500,338500,349000,337500,148316,50997521000,0,0.0,N,2,6000,
2024-10-21,343000,339500,346500,336500,71905,24672884500,0,0.0,N,2,2500,
2024-10-22,340500,340500,345500,333000,86639,29293211500,0,0.0,N,5,-2500,
2024-10-23,333000,342000,346000,333000,69908,23546788000,0,0.0,N,5,-7500,
2024-10-24,347000,336000,347000,333500,104567,35916877000,0,0.0,N,2,14000,
2024-10-25,344500,346000,350000,340500,45863,15751701000,0,0.0,N,5,-2500,
2024-10-28,345500,345000,349000,340000,70768,24436677500,0,0.0,N,2,1000,
2024-10-29,345000,346500,349500,343000,65198,22525340000,0,0.0,N,5,-500,
2024-10-30,344000,346000,350000,342000,75825,26206327000,0,0.0,N,5,-1000,
2024-10-31,331000,345000,346500,331000,105336,35293466000,0,0.0,N,5,-13000,
2024-11-01,333500,330000,335500,325000,59288,19615991000,0,0.0,N,2,2500,
2024-11-04,337500,334500,346000,332000,95757,32459989500,0,0.0,N,2,4000,
2024-11-05,332500,335000,342500,330000,105471,35425346500,0,0.0,N,5,-5000,
2024-11-06,347500,336500,348000,336500,195328,67071369500,0,0.0,N,2,15000,
2024-11-07,351000,344500,352500,340500,187403,65062818500,0,0.0,N,2,3500,
2024-11-08,325000,340500,341000,320000,409516,133596720500,0,0.0,N,5,-26000,
2024-11-11,317500,324500,325000,312000,321498,100324234340,0,0.0,N,5,-7500,
2024-11-12,295500,318500,319500,295500,289359,87379370000,0,0.0,N,5,-22000,
2024-11-13,294000,293000,299500,291000,148652,43790456500,0,0.0,N,5,-1500,
2024-11-14,293500,297500,302000,293000,179853,53116129000,0,0.0,N,5,-500,
2024-11-15,289500,293500,296500,281000,164174,47352455000,0,0.0,N,5,-4000,
2024-11-18,295000,288000,299000,287000,98940,29088045500,0,0.0,N,2,5500,
2024-11-19,305500,297000,313500,296500,168377,51525338500,0,0.0,N,2,10500,
2024-11-20,308000,304000,308500,301500,79051,24160038000,0,0.0,N,2,2500,
2024-11-21,307000,309000,312000,306000,62694,19354969500,0,0.0,N,5,-1000,
2024-11-22,308500,307500,314000,307500,65724,20460918500,0,0.0,N,2,1500,
2024-11-25,307000,312000,312500,302500,98907,30308875500,0,0.0,N,5,-1500,
2024-11-26,307000,304000,310500,303500,49594,15235638000,0,0.0,N,3,0,
2024-11-27,310500,306500,314000,305000,76554,23801427000,0,0.0,N,2,3500,
2024-11-28,316000,310500,316000,306000,66356,20752178000,0,0.0,N,2,5500,
2024-11-29,312000,316500,321000,312000,108516,34246308500,0,0.0,N,5,-4000,
2024-12-02,327500,316500,330500,314000,137586,44731289000,0,0.0,N,2,15500,
2024-12-03,328500,326000,334000,314500,150935,49484411000,0,0.0,N,2,1000,
2024-12-04,327000,323000,332000,321000,112478,36688996500,0,0.0,N,5,-1500,
2024-12-05,316500,324000,324500,315500,95739,30519120500,0,0.0,N,5,-10500,
2024-12-06,310500,318000,318000,307000,103101,32149780000,0,0.0,N,5,-6000,
2024-12-09,301000,308000,309500,298000,130103,39437543000,0,0.0,N,5,-9500,
2024-12-10,302500,304500,307500,300500,102315,31072418000,0,0.0,N,2,1500,
2024-12-11,319500,305000,319500,303500,117463,36816598000,0,0.0,N,2,17000,
2024-12-12,325500,322500,328000,319500,162274,52717323500,0,0.0,N,2,6000,
2024-12-13,340500,327500,347500,326000,251680,85515181000,0,0.0,N,2,15000,
2024-12-16,344000,342500,344500,335000,90093,30809238500,0,0.0,N,2,3500,
2024-12-17,342000,345000,350000,340000,118517,40863736000,0,0.0,N,5,-2000,
2024-12-18,327500,342500,343000,325500,130242,43072207750,0,0.0,N,5,-14500,
2024-12-19,320500,318000,326000,316500,99489,31994487500,0,0.0,N,5,-7000,
2024-12-20,311500,318000,322000,309500,175683,54806698000,0,0.0,N,5,-9000,
2024-12-23,308500,315500,315500,307500,87063,27049615000,0,0.0,N,5,-3000,
2024-12-24,306000,311000,313000,304500,82563,25417372000,0,0.0,N,5,-2500,
2024-12-26,307000,310000,310000,301500,97573,29854917416,0,0.0,N,2,1000,
2024-12-27,310000,309500,315000,305500,89731,27817455000,0,0.0,N,2,3000,
2024-12-30,312500,311000,318000,306000,91745,28822119500,0,0.0,N,2,2500,
2025-01-02,316500,315000,323500,314500,81196,25834666500,0,0.0,N,2,4000,
2025-01-03,335000,316500,336500,316500,154502,51079275000,0,0.0,N,2,18500,
2025-01-06,346500,335000,348500,333000,182489,62832561000,0,0.0,N,2,11500,
2025-01-07,331000,343500,350000,326500,270944,91638671500,0,0.0,N,5,-15500,
2025-01-08,325000,335500,342000,319500,160839,52506721500,0,0.0,N,5,-6000,
2025-01-09,326000,326000,331000,324500,100147,32757576500,0,0.0,N,2,1000,
2025-01-10,335000,328000,340000,328000,119885,40140362000,0,0.0,N,2,9000,
2025-01-13,333500,332000,341000,331500,91424,30596259000,0,0.0,N,5,-1500,
2025-01-14,342500,335000,345500,333000,130104,44514496000,0,0.0,N,2,9000,
2025-01-15,336000,342500,346000,331500,124549,41904707500,0,0.0,N,5,-6500,
2025-01-16,331500,339000,341500,330500,103290,34543593500,0,0.0,N,5,-4500,
2025-01-17,341500,331000,344000,330000,101334,34380078000,0,0.0,N,2,10000,
2025-01-20,345000,344000,355000,343500,120305,41882935500,0,0.0,N,2,3500,
2025-01-21,347000,346000,351000,344000,79877,27802280500,0,0.0,N,2,2000,
2025-01-22,337000,344000,346500,330000,172903,58085008500,0,0.0,N,5,-10000,
2025-01-23,337500,339000,340500,335500,79034,26706159500,0,0.0,N,2,500,
2025-01-24,343000,339500,346500,338000,89161,30666616500,0,0.0,N,2,5500,
2025-01-31,364000,349500,364000,347500,244919,87620500000,0,0.0,N,2,21000,
2025-02-03,360000,360000,362000,349000,148663,52787966500,0,0.0,N,5,-4000,
2025-02-04,362500,375500,384500,357000,253679,93672509500,0,0.0,N,2,2500,
2025-02-05,376000,362500,376000,359000,191557,71184404500,0,0.0,N,2,13500,
2025-02-06,381000,377000,382000,370500,130837,49418172000,0,0.0,N,2,5000,
2025-02-07,383000,378000,384000,375500,109037,41498834500,0,0.0,N,2,2000,
2025-02-10,377500,382000,390000,376500,151611,58031500500,0,0.0,N,5,-5500,
2025-02-11,375000,380000,389500,375000,229062,87344409000,0,0.0,N,5,-2500,
2025-02-12,322500,351000,354000,321000,828270,275491325000,0,0.0,N,5,-52500,
2025-02-13,317000,324500,324500,315000,350331,111524253500,0,0.0,N,5,-5500,
2025-02-14,312000,320000,324000,311500,270169,85312138000,0,0.0,N,5,-5000,
2025-02-17,322500,316000,323500,315000,227869,72913810000,0,0.0,N,2,10500,
2025-02-18,321500,324000,324500,316000,228537,73247939500,0,0.0,N,5,-1000,
2025-02-19,335000,321500,338000,320500,395262,131667185500,0,0.0,N,2,13500,
2025-02-20,332000,336000,337000,328500,167272,55599409000,0,0.0,N,5,-3000,
2025-02-21,327500,335000,336000,326000,144425,47551118000,0,0.0,N,5,-4500,
2025-02-24,327000,322500,327000,320000,121921,39459034000,0,0.0,N,5,-500,
2025-02-25,325000,324500,335000,324000,187059,61335389000,0,0.0,N,5,-2000,
2025-02-26,340000,324000,343500,324000,293523,98502915500,0,0.0,N,2,15000,
2025-02-27,341500,335500,343000,333000,162639,55187875500,0,0.0,N,2,1500,
2025-02-28,343500,337000,345000,333500,233576,79591288000,0,0.0,N,2,2000,
2025-03-04,334000,339000,341000,330000,170871,57328127500,0,0.0,N,5,-9500,
2025-03-05,344000,336500,345000,336500,163195,55943287750,0,0.0,N,2,10000,
2025-03-06,348000,346000,349500,340000,138858,48078927672,0,0.0,N,2,4000,
2025-03-07,349000,346000,354000,343000,108965,38087539000,0,0.0,N,2,1000,
2025-03-10,350500,349000,358500,347000,168746,59760084750,0,0.0,N,2,1500,
2025-03-11,346000,340000,351000,339500,132761,45949554250,0,0.0,N,5,-4500,
2025-03-12,345500,346000,350000,344000,103896,35988337000,0,0.0,N,5,-500,
2025-03-13,358000,346000,358000,345500,225941,80274997750,0,0.0,N,2,12500,
2025-03-14,356000,357500,358500,351500,81671,29012874860,0,0.0,N,5,-2000,
2025-03-17,357500,359000,359500,344500,157264,55411485600,0,0.0,N,2,1500,
2025-03-18,351000,358500,361000,346500,155238,54452780800,0,0.0,N,5,-6500,
2025-03-19,348000,351000,356000,344000,162501,56814171500,0,0.0,N,5,-3000,
2025-03-20,328500,348500,353000,325000,286432,95688047750,0,0.0,N,5,-19500,
2025-03-21,325000,330500,335000,325000,180468,59035114000,0,0.0,N,5,-3500,
2025-03-24,335500,329000,337500,329000,136601,45734784500,0,0.0,N,2,10500,
2025-03-25,336000,335500,338000,330500,86148,28881070000,0,0.0,N,2,500,
2025-03-26,338500,338000,341000,332000,75899,25663748750,0,0.0,N,2,2500,
2025-03-27,338500,345000,350000,337500,194137,66743798750,0,0.0,N,3,0,
2025-03-28,359000,338000,365000,331500,376221,133678200250,0,0.0,N,2,20500,
2025-03-31,334500,347000,347000,328500,294979,98655165750,0,0.0,N,5,-24500,
2025-04-01,340000,338000,343000,331500,166587,56352547250,0,0.0,N,2,5500,
2025-04-02,347000,342000,349000,336500,121352,41837209250,0,0.0,N,2,7000,
2025-04-03,353500,339500,354500,339000,133357,46657133750,0,0.0,N,2,6500,
2025-04-04,372000,352000,372000,351500,285615,103933861500,0,0.0,N,2,18500,
2025-04-07,362000,361000,370500,354000,185111,67045457000,0,0.0,N,5,-10000,
2025-04-08,366500,368000,372500,360500,143133,52560758750,0,0.0,N,2,4500,
2025-04-09,354500,365000,371500,351500,186218,67197693000,0,0.0,N,5,-12000,
2025-04-10,377500,362500,377500,358000,183393,67674559000,0,0.0,N,2,23000,
2025-04-11,377000,368000,379000,366000,143822,53882562250,0,0.0,N,5,-500,
2025-04-14,375500,376500,384000,374500,106798,40413324750,0,0.0,N,5,-1500,
2025-04-15,369000,372000,374000,358500,229949,84409299250,0,0.0,N,5,-6500,
2025-04-16,377000,368500,381000,365000,117799,44379890500,0,0.0,N,2,8000,
2025-04-17,384000,379000,389000,378500,161222,61817800500,0,0.0,N,2,7000,
2025-04-18,386000,383000,388000,379500,71267,27483578750,0,0.0,N,2,2000,
2025-04-21,384500,386000,391000,381500,86228,33306329250,0,0.0,N,5,-1500,
2025-04-22,379000,385000,386000,377500,101737,38702169750,0,0.0,N,5,-5500,
2025-04-23,373500,379500,380000,371500,132795,49586748750,0,0.0,N,5,-5500,
2025-04-24,376500,371500,379500,370000,98340,36914362500,0,0.0,N,2,3000,
2025-04-25,373000,374500,377500,369000,129191,48209742000,0,0.0,N,5,-3500,
2025-04-28,377000,371000,382000,371000,115515,43608060750,0,0.0,N,2,4000,
2025-04-29,370000,377000,377500,360500,166709,61054974250,0,0.0,N,5,-7000,
2025-04-30,371500,378000,381500,359500,263173,97204373750,0,0.0,N,2,1500,
2025-05-02,385000,365500,387000,365500,214293,82077168250,0,0.0,N,2,13500,
2025-05-07,385500,390000,393000,378500,142419,55068794750,0,0.0,N,2,500,
2025-05-08,379000,383000,386000,373500,124362,47241504500,0,0.0,N,5,-6500,
2025-05-09,375000,380500,385000,372500,76143,28623002750,0,0.0,N,5,-4000,
2025-05-12,376500,375500,379500,373500,60723,22806787250,0,0.0,N,2,1500,
2025-05-13,369500,372000,374000,365500,92427,34107704000,0,0.0,N,5,-7000,
2025-05-14,373000,371000,374500,369500,87330,32503249950,0,0.0,N,2,3500,
2025-05-15,375000,371000,377000,371000,56791,21274652000,0,0.0,N,2,2000,
2025-05-16,382500,377000,386000,375500,119157,45561643500,0,0.0,N,2,7500,
2025-05-19,370500,378500,379000,367500,111417,41252774250,0,0.0,N,5,-12000,
2025-05-20,379500,373500,381500,370500,96758,36515036750,0,0.0,N,2,9000,
2025-05-21,386000,379000,386000,378500,115851,44464792000,0,0.0,N,2,6500,
2025-05-22,380000,380000,384000,372500,112451,42569200000,0,0.0,N,5,-6000,
2025-05-23,379500,378500,387000,377000,79591,30317449250,0,0.0,N,5,-500,
2025-05-26,382500,380000,382500,376000,64809,24559758750,0,0.0,N,2,3000,
2025-05-27,381000,379000,384000,374500,58781,22339268000,0,0.0,N,5,-1500,
2025-05-28,383000,379000,391000,379000,130035,50313453750,0,0.0,N,2,2000,
2025-05-29,377500,385500,385500,375500,129230,48901146003,0,0.0,N,5,-5500,
2025-05-30,369000,375000,378000,364000,400973,148010665250,0,0.0,N,5,-8500,
2025-06-02,368000,366500,372000,363000,106227,38967132750,0,0.0,N,5,-1000,
2025-06-04,367500,369500,372500,364000,163369,60013159250,0,0.0,N,5,-500,
2025-06-05,369500,365000,375500,365000,129540,47948089000,0,0.0,N,2,2000,
2025-06-09,373500,369500,374000,365000,107584,39902968750,0,0.0,N,2,4000,
2025-06-10,375500,371500,375500,365000,138832,51631212000,0,0.0,N,2,2000,
2025-06-11,372500,375500,378000,369500,143912,53646654000,0,0.0,N,5,-3000,
2025-06-12,382000,371000,382000,371000,220064,83631140250,0,0.0,N,2,9500,
2025-06-13,366500,378500,382500,365500,160781,59402027250,0,0.0,N,5,-15500,
2025-06-16,370500,370000,370500,364000,72768,26745236750,0,0.0,N,2,4000,
2025-06-17,367500,368000,373000,364500,97685,35929630250,0,0.0,N,5,-3000,
2025-06-18,382500,363500,385000,362000,279826,106227010750,0,0.0,N,2,15000,
2025-06-19,360500,380500,382500,358500,223443,81563031750,0,0.0,N,5,-22000,
2025-06-20,358000,362500,365000,355000,511726,183528249750,0,0.0,N,5,-2500,
2025-06-23,350500,355500,359500,342500,201774,70791767876,0,0.0,N,5,-7500,
2025-06-24,361500,354500,364500,352500,260927,94027939750,0,0.0,N,2,11000,
2025-06-25,357000,359000,361000,346000,171881,60836304000,0,0.0,N,5,-4500,
2025-06-26,358500,355000,361000,354500,96577,34566779750,0,0.0,N,2,1500,
2025-06-27,357500,359000,359500,353500,77468,27612251750,0,0.0,N,5,-1000,
2025-06-30,363000,359500,368500,354500,174279,63501465750,0,0.0,N,2,5500,
2025-07-01,362000,363500,364500,358000,121817,44107940604,0,0.0,N,5,-1000,
2025-07-02,358500,360000,366000,356500,79814,28682442500,0,0.0,N,5,-3500,
2025-07-03,365500,359000,372000,358500,129370,47500918000,0,0.0,N,2,7000,
2025-07-04,359500,364000,366500,359000,45289,16382168500,0,0.0,N,5,-6000,
2025-07-07,358000,361500,364000,357500,74905,26955757000,0,0.0,N,5,-1500,
2025-07-08,363500,361000,367500,358500,79467,28882997750,0,0.0,N,2,5500,
2025-07-09,360000,360000,360500,352000,121952,43491240500,0,0.0,N,5,-3500,
2025-07-10,353000,357000,358500,350000,154957,54680546500,0,0.0,N,5,-7000,
2025-07-11,353500,352000,358500,351500,105967,37616626750,0,0.0,N,2,500,
2025-07-14,347000,352000,352500,343500,141270,48993261750,0,0.0,N,5,-6500,
2025-07-15,347500,345000,349500,345000,88480,30725102000,0,0.0,N,2,500,
2025-07-16,345500,345000,350000,343000,114294,39568118500,0,0.0,N,5,-2000,
2025-07-17,351500,347000,351500,340500,113195,39349413000,0,0.0,N,2,6000,
2025-07-18,354000,350500,359500,348500,117965,41763276500,0,0.0,N,2,2500,
2025-07-21,353500,354000,356000,350000,64787,22887221500,0,0.0,N,5,-500,
2025-07-22,352500,351500,354500,350500,67077,23652987500,0,0.0,N,5,-1000,
2025-07-23,348000,355000,355000,343000,112412,39055287551,0,0.0,N,5,-4500,
2025-07-24,341000,348500,350000,338500,109266,37391660750,0,0.0,N,5,-7000,
2025-07-25,338500,338000,346500,337000,84509,28848601500,0,0.0,N,5,-2500,
2025-07-28,335500,338000,342500,334000,79451,26736378500,0,0.0,N,5,-3000,
2025-07-29,338000,332500,340500,327500,100286,33727162500,0,0.0,N,2,2500,
2025-07-30,326500,337000,339750,309000,375375,120878350000,0,0.0,N,5,-11500,
2025-07-31,328500,324000,332000,323500,139251,45633389250,0,0.0,N,2,2000,
2025-08-01,315500,323000,324000,314000,121860,38595564070,0,0.0,N,5,-13000,
2025-08-04,314500,314000,316500,311500,104540,32868024250,0,0.0,N,5,-1000,
2025-08-05,317000,316000,321000,315500,120904,38474344000,0,0.0,N,2,2500,
2025-08-06,319500,315500,323000,315500,166993,53095694894,0,0.0,N,2,2500,
2025-08-07,325500,318500,328500,318000,86016,27916666000,0,0.0,N,2,6000,
2025-08-08,321000,325000,326000,319000,87862,28226581250,0,0.0,N,5,-4500,
2025-08-11,319000,322000,324000,318000,63918,20416523500,0,0.0,N,5,-2000,
2025-08-12,315500,317000,321000,315000,68534,21789105750,0,0.0,N,5,-3500,
2025-08-13,315000,314500,316000,309000,136791,42678046750,0,0.0,N,5,-500,
2025-08-14,315500,315000,317500,309500,109805,34477041250,0,0.0,N,2,500,
2025-08-18,313000,313000,316000,311500,71102,22322066750,0,0.0,N,5,-2500,
2025-08-19,328000,316500,336000,315500,225509,74407514500,0,0.0,N,2,15000,
2025-08-20,326500,329500,331000,323000,125456,40895882000,0,0.0,N,5,-1500,
2025-08-21,327500,324500,335000,324500,92521,30452944500,0,0.0,N,2,1000,
2025-08-22,328500,327500,330000,326000,78528,25753787000,0,0.0,N,2,1000,
2025-08-25,330000,329500,336000,327500,80781,26820592500,0,0.0,N,2,1500,
2025-08-26,337500,331000,344000,330000,235586,79931087250,0,0.0,N,2,7500,
2025-08-27,339000,338000,340500,335500,82185,27848961250,0,0.0,N,2,1500,
2025-08-28,332000,337000,339500,330000,122414,40820739750,0,0.0,N,5,-7000,
2025-08-29,327500,333000,336500,327500,115347,38019589750,0,0.0,N,5,-4500,
2025-09-01,331000,329500,337000,327500,74207,24635249000,0,0.0,N,2,3500,
2025-09-02,330000,331000,334000,329000,78055,25853719750,0,0.0,N,5,-1000,
2025-09-03,329000,327000,330500,326500,77851,25573211000,0,0.0,N,5,-1000,
2025-09-04,332500,326500,334500,326000,103632,34317834000,0,0.0,N,2,3500,
2025-09-05,326000,329500,332500,325500,84009,27520606750,0,0.0,N,5,-6500,
2025-09-08,324500,327000,327000,322000,66412,21514205750,0,0.0,N,5,-1500,
2025-09-09,322500,323000,324000,317000,120874,38821351750,0,0.0,N,5,-2000,
2025-09-10,323000,320500,326000,318000,106648,34373909000,0,0.0,N,2,500,
2025-09-11,324500,322000,324500,319000,113540,36638100750,0,0.0,N,2,1500,
2025-09-12,322500,323500,325500,321000,55516,17942949750,0,0.0,N,5,-2000,
2025-09-15,321500,320500,326000,320000,51818,16705618500,0,0.0,N,5,-1000,
2025-09-16,318500,320000,322000,316500,74129,23588577250,0,0.0,N,5,-3000,
2025-09-17,319500,316500,320000,315000,67356,21436938250,0,0.0,N,2,1000,
2025-09-18,319500,319000,320000,316000,87149,27752560500,0,0.0,N,3,0,
2025-09-19,316500,317500,319000,312000,181185,57296306000,0,0.0,N,5,-3000,
2025-09-22,309000,317000,317500,308000,124371,38645262750,0,0.0,N,5,-7500,
2025-09-23,307500,306500,310000,305000,73219,22491623250,0,0.0,N,5,-1500,
2025-09-24,302500,309500,310000,298500,118511,35772111000,0,0.0,N,5,-5000,
2025-09-25,299500,302000,304500,297500,107830,32291629000,0,0.0,N,5,-3000,
2025-09-26,295500,298000,299500,295000,80710,23890597750,0,0.0,N,5,-4000,
2025-09-29,298000,298000,301500,297000,68602,20557394500,0,0.0,N,2,2500,
2025-09-30,292500,297500,299000,291000,164952,48683462750,0,0.0,N,5,-5500,
2025-10-01,298500,295000,302500,294000,121629,36260883250,0,0.0,N,2,6000,
2025-10-02,299000,299500,303500,298500,134635,40472522750,0,0.0,N,2,500,
2025-10-10,302000,298000,303000,297000,143295,43111481250,0,0.0,N,2,3000,
2025-10-13,303500,300000,303500,296000,108795,32754578000,0,0.0,N,2,1500,
2025-10-14,290500,299000,299000,286500,143708,41810920000,0,0.0,N,5,-13000,
2025-10-15,292500,290500,293500,289000,100373,29278781000,0,0.0,N,2,2000,
2025-10-16,290000,292500,295000,287000,107582,31170124000,0,0.0,N,5,-2500,
2025-10-17,285000,287500,289500,284500,81042,23167089250,0,0.0,N,5,-5000,
2025-10-20,288000,282500,289500,278500,102033,29202706000,0,0.0,N,2,3000,
2025-10-21,287000,288500,291000,285000,78344,22491816000,0,0.0,N,5,-1000,
2025-10-22,290000,286000,290000,284500,61241,17643538500,0,0.0,N,2,3000,
2025-10-23,285000,288000,290000,283000,88809,25414596250,0,0.0,N,5,-5000,
2025-10-24,287000,286500,287000,281000,118163,33612878750,0,0.0,N,2,2000,
2025-10-27,285000,283000,285000,280000,123538,35036542250,0,0.0,N,5,-2000,
2025-10-28,283000,284000,286500,282000,96876,27479208750,0,0.0,N,5,-2000,
2025-10-29,279000,285500,286000,276500,122851,34335280750,0,0.0,N,5,-4000,
2025-10-30,271000,276500,279500,271000,127268,34884901250,0,0.0,N,5,-8000,
2025-10-31,276000,274500,280000,272500,91912,25419623000,0,0.0,N,2,5000,
2025-11-03,279500,279500,287500,276500,106728,29916356750,0,0.0,N,2,3500,
2025-11-04,279000,278000,281000,275500,102105,28446076000,0,0.0,N,5,-500,
2025-11-05,263000,282000,282500,261500,224315,59853816250,0,0.0,N,5,-16000,
2025-11-06,263500,266000,268500,260000,136235,36026543000,0,0.0,N,2,500,
2025-11-07,258000,261500,263500,257000,68480,17764014750,0,0.0,N,5,-5500,
2025-11-10,266000,261500,270500,260500,107334,28476937000,0,0.0,N,2,8000,
2025-11-11,264000,263500,265500,261500,76370,20105343250,0,0.0,N,5,-2000,
2025-11-12,272000,264500,273500,261500,97797,26464450250,0,0.0,N,2,8000,
2025-11-13,275000,271500,277500,268500,109417,30064561069,0,0.0,N,2,3000,
2025-11-14,270000,273000,274500,269500,81171,22066730810,0,0.0,N,5,-5000,
2025-11-17,267000,273500,273500,265000,81583,21818765250,0,0.0,N,5,-3000,
2025-11-18,254000,265000,265500,252500,124685,31942211250,0,0.0,N,5,-13000,
2025-11-19,257500,257000,258500,252750,71686,18375966000,0,0.0,N,2,3500,
2025-11-20,253000,258000,260500,253000,65582,16771626500,0,0.0,N,5,-4500,
2025-11-21,253000,250000,254000,245500,92714,23174855901,0,0.0,N,3,0,
2025-11-24,255000,254000,257500,252000,172343,43885831020,0,0.0,N,2,2000,
2025-11-25,255000,255500,257000,253000,65335,16657772000,0,0.0,N,3,0,
2025-11-26,260000,257000,263000,254500,87755,22751700000,0,0.0,N,2,5000,
2025-11-27,256000,259500,260500,255500,53090,13630935750,0,0.0,N,5,-4000,
2025-11-28,257500,257000,258500,254500,52366,13425469250,0,0.0,N,2,1500,
2025-12-01,252000,259500,260000,250500,61514,15623914000,0,0.0,N,5,-5500,
2025-12-02,253000,254000,255000,251000,45613,11544234500,0,0.0,N,2,1000,
2025-12-03,252000,252000,255000,250500,44587,11263616750,0,0.0,N,5,-1000,
2025-12-04,243500,251000,251500,241500,146917,35863149750,0,0.0,N,5,-8500,
2025-12-05,247500,242500,248000,241000,94864,23326568250,0,0.0,N,2,4000,
2025-12-08,247500,245500,248000,242000,73220,18002826500,0,0.0,N,3,0,
2025-12-09,245500,246000,247500,242500,83197,20381941500,0,0.0,N,5,-2000,
2025-12-10,247500,244500,249000,243000,92458,22785596326,0,0.0,N,2,2000,
2025-12-11,241500,249500,249500,241500,112519,27318466250,0,0.0,N,5,-6000,
2025-12-12,249000,242500,249000,242500,92229,22729852750,0,0.0,N,2,7500,
2025-12-15,242000,246500,248000,241500,77971,18970867750,0,0.0,N,5,-7000,
2025-12-16,244000,242500,247000,241500,80953,19760369750,0,0.0,N,2,2000,
2025-12-17,247500,247000,249000,243000,70553,17360426000,0,0.0,N,2,3500,
2025-12-18,242500,244500,245000,240000,68143,16540964250,0,0.0,N,5,-5000,
2025-12-19,247000,244500,250000,244000,77217,19088556750,0,0.0,N,2,4500,
2025-12-22,247000,249000,250000,246000,55852,13821337750,0,0.0,N,3,0,
2025-12-23,250000,248500,257500,247500,95871,24149554750,0,0.0,N,2,3000,
2025-12-24,248000,252000,253000,247500,46515,11595272750,0,0.0,N,5,-2000,
2025-12-26,242500,248000,251000,242000,54665,13405696500,0,0.0,N,5,-5500,
2025-12-29,242500,241000,244000,240000,49002,11860387000,0,0.0,N,3,0,
2025-12-30,246000,241500,248000,241000,56464,13890252500,0,0.0,N,2,3500,
2026-01-02,248000,250000,251500,245500,74730,18588274000,0,0.0,N,2,2000,
2026-01-05,246000,250500,251000,243000,73319,18025973500,0,0.0,N,5,-2000,
2026-01-06,248000,248500,250000,245000,82468,20436851750,0,0.0,N,2,2000,
2026-01-07,232000,245000,245000,231500,196346,46055621500,0,0.0,N,5,-16000,
2026-01-08,229500,230000,232000,227500,116842,26811294250,0,0.0,N,5,-2500,
2026-01-09,230000,231000,232000,228000,94534,21713237006,0,0.0,N,2,500,
2026-01-12,236000,229000,236500,228500,112840,26307581750,0,0.0,N,2,6000,
2026-01-13,235000,238000,241000,231500,134295,31495770500,0,0.0,N,5,-1000,
2026-01-14,235000,237000,239500,233000,87403,20591702750,0,0.0,N,3,0,
2026-01-15,233500,235000,236500,230000,105647,24563370500,0,0.0,N,5,-1500,
2026-01-16,234000,235000,237000,232500,80102,18761783250,0,0.0,N,2,500,
2026-01-19,238000,233000,240500,232000,81418,19292866250,0,0.0,N,2,4000,
2026-01-20,239000,236000,242500,235500,108999,26153789750,0,0.0,N,2,1000,
2026-01-21,231500,235000,236500,228000,96662,22334906750,0,0.0,N,5,-7500,
2026-01-22,236500,228000,239000,227500,95664,22598867500,0,0.0,N,2,5000,
2026-01-23,238500,236500,239500,235000,79135,18786790500,0,0.0,N,2,2000,
2026-01-26,255500,240000,263000,240000,335822,86099998500,0,0.0,N,2,17000,
2026-01-27,265500,260000,278500,256500,348313,93601988750,0,0.0,N,2,10000,
2026-01-28,263000,268000,269000,259000,163212,43056567750,0,0.0,N,5,-2500,
2026-01-29,260500,260500,268500,256500,131763,34308954250,0,0.0,N,5,-2500,
2026-01-30,254000,260500,266000,254000,150786,39071742000,0,0.0,N,5,-6500,
2026-02-02,249000,252000,253000,245500,119554,29774096250,0,0.0,N,5,-5000,
2026-02-03,245500,252500,252500,242500,145188,35634131500,0,0.0,N,5,-3500,
2026-02-04,244000,246000,248500,242500,155564,38061375750,0,0.0,N,5,-1500,
2026-02-05,238500,243000,245000,237500,154269,36951980542,0,0.0,N,5,-5500,
2026-02-06,238000,234500,240000,230000,123856,29121296750,0,0.0,N,5,-500,
2026-02-09,236500,243000,246000,225000,185117,43869796000,0,0.0,N,5,-1500,
2026-02-10,246500,245000,250500,239000,208129,50883264000,00,0.00,N,2,10000,
2026-02-11,259000,252000,261000,249000,203863,52065427000,00,0.00,N,2,12500,
2026-02-12,258000,258500,262500,257000,131592,34070868000,00,0.00,N,5,-1000,
2026-02-13,257000,256500,268500,256000,131942,34221532000,00,0.00,N,5,-1000,
2026-02-19,262000,258000,265000,256000,127748,33501219000,00,0.00,N,2,5000,
2026-02-20,260500,260500,265500,258500,102902,26854052000,00,0.00,N,5,-1500,
2026-02-23,259500,260500,264000,258750,100031,26035741500,00,0.00,N,5,-1000,
2026-02-24,265000,259500,268500,258500,157071,41561644500,00,0.00,N,2,5500,
2026-02-25,266000,268000,268500,261000,126736,33711104250,00,0.00,N,2,1000,
2026-02-26,254000,263500,266000,253500,197341,50727494500,02,0.00,N,5,-12000,
2026-02-27,248500,255000,255000,245000,278213,69481568250,00,0.00,N,5,-5500,
2026-03-03,236000,246000,246500,235500,153021,36820665500,00,0.00,N,5,-12500,
2026-03-04,211000,232000,232500,208500,214442,46699331000,00,0.00,N,5,-25000,
2026-03-05,220000,220500,225500,216000,173112,38090657000,00,0.00,N,2,9000,
2026-03-06,226000,215000,228000,214500,163189,36625290000,00,0.00,N,2,6000,
2026-03-09,218500,210000,219500,209000,190493,40969198500,00,0.00,N,5,-7500,
2026-03-10,237000,224000,238500,222000,192623,44658691500,00,0.00,N,2,18500,
2026-03-11,227500,239000,239500,226500,137681,32172404250,00,0.00,N,5,-9500,
2026-03-12,226000,226500,229000,222000,134384,30344076500,00,0.00,N,5,-1500,
2026-03-13,244500,222500,251500,221500,247027,60368367750,00,0.00,N,2,18500,
2026-03-16,237500,247000,247000,236500,43263,10443834750,00,0.00,N,5,-7000,
